,Value,Column,Row,Value 1,Value 2
504,-0.28,PastVictim_Scareware,PastVictim_DDoS,0.6,0.32
336,-0.24,PastVictim_PerfTheft,CyberThreat_Danger,0.21,-0.03
505,-0.24,PastVictim_Scareware,PastVictim_PerfTheft,0.63,0.39
382,-0.24,PastVictim_APT,Knows_PWDay,0.4,0.16
510,-0.23,PastVictim_Scareware,PastVictim_Phishing,0.6,0.37
703,-0.23,PastHelp_Manuf,FutureVictim_Sidechannel,0.24,0.01
614,-0.23,PastVictim_SocEng,PastVictim_DDoS,0.63,0.4
831,-0.22,PastHelp_IntExperts,PastHelp_Forum,0.6,0.38
787,-0.22,PastHelp_PublicMed,PastHelp_PrivateMed,0.76,0.54
771,-0.21,PastHelp_PCShop,FutureVictim_PerfTheft,0.19,-0.02
1026,-0.21,Uses_MailEncryption,Uses_FileEncryption,0.72,0.51
197,-0.21,Knows_CISPA,Knows_Athene,0.61,0.4
506,-0.21,PastVictim_Scareware,PastVictim_APT,0.61,0.4
616,-0.21,PastVictim_SocEng,PastVictim_APT,0.74,0.53
488,-0.21,PastVictim_ShopScam,PastVictim_Scareware,0.42,0.21
562,-0.2,PastVictim_Phishing,PastVictim_PerfTheft,0.55,0.35
708,-0.2,PastHelp_Manuf,FutureVictim_Phishing,0.21,0.01
711,-0.2,PastHelp_Manuf,FutureVictim_SocMedHack,0.25,0.05
254,-0.2,Knows_CERTv,Knows_CERTb,0.83,0.63
248,-0.2,Knows_CERTv,CyberThreat_Danger,0.15,-0.05
511,-0.2,PastVictim_Scareware,PastVictim_Doxing,0.54,0.34
347,-0.2,PastVictim_PerfTheft,PastVictim_APT,0.78,0.58
701,-0.2,PastHelp_Manuf,FutureVictim_PerfTheft,0.22,0.02
391,-0.2,PastVictim_APT,PastHelp_PCShop,0.28,0.08
180,-0.2,Knows_Zitis,Knows_ProPK,0.65,0.45
615,-0.2,PastVictim_SocEng,PastVictim_PerfTheft,0.72,0.52
149,-0.2,Knows_CERTl,Knows_BKA,0.37,0.17
153,-0.2,Knows_Europol,Knows_CAZ,0.48,0.28
210,-0.2,Knows_CODE,CyberThreat_Danger,0.11,-0.09
580,-0.2,PastVictim_Doxing,PastVictim_DDoS,0.6,0.4
216,-0.2,Knows_Kastel,CyberThreat_Danger,0.13,-0.07
132,-0.2,Knows_ENISA,Knows_CSECDay,0.64,0.44
531,-0.19,PastVictim_Spyware,PastVictim_DDoS,0.6,0.41
318,-0.19,PastVictim_DDoS,PastVictim_CyBully,0.5,0.31
1290,-0.19,RelInfo_SecShopping,RelInfo_SecBanking,0.71,0.52
289,-0.19,Knows_DigDay,Knows_CSECDay,0.76,0.57
56,-0.19,Usage_Console,Knows_PWDay,0.29,0.1
581,-0.19,PastVictim_Doxing,PastVictim_APT,0.7,0.51
364,-0.19,PastVictim_APT,CyberThreat_GERPreparedness,0.28,0.09
789,-0.19,PastHelp_PublicMed,FutureVictim_APT,0.2,0.01
533,-0.19,PastVictim_Spyware,PastVictim_Scareware,0.65,0.46
346,-0.19,PastVictim_PerfTheft,PastVictim_DDoS,0.64,0.45
1047,-0.19,Uses_VPN,Uses_AnonService,0.64,0.45
830,-0.19,PastHelp_IntExperts,PastHelp_EmployerIT,0.47,0.28
599,-0.18,PastVictim_SocEng,CyberThreat_Danger,0.23,0.05
166,-0.18,Knows_ProPK,Knows_CAZ,0.57,0.39
985,-0.18,Uses_BackupMobile,FutureVictim_SocEng,0.21,0.03
306,-0.18,PastVictim_Virus,PastVictim_DDoS,0.48,0.3
317,-0.18,PastVictim_DDoS,PastVictim_APT,0.67,0.49
760,-0.18,PastHelp_PCShop,Knows_MPI,0.22,0.04
509,-0.18,PastVictim_Scareware,PastVictim_IDTheft,0.5,0.32
299,-0.18,Knows_CSECDay,FutureVictim_DDoS,0.13,-0.05
773,-0.18,PastHelp_PCShop,FutureVictim_Sidechannel,0.16,-0.02
949,-0.18,FutureVictim_SocEng,FutureInfo_SoftwareSites,0.08,-0.1
786,-0.18,PastHelp_PublicMed,PastHelp_PCShop,0.45,0.27
788,-0.18,PastHelp_PublicMed,FutureVictim_DDoS,0.2,0.02
271,-0.18,Knows_PWDay,Knows_ENISA,0.52,0.34
807,-0.18,PastHelp_PrivateMed,PastHelp_EmployerIT,0.44,0.26
836,-0.18,PastHelp_IntExperts,FutureVictim_PerfTheft,0.19,0.01
835,-0.18,PastHelp_IntExperts,FutureVictim_DDoS,0.21,0.03
1147,-0.18,PastInfo_Fam,Knows_Athene,0.28,0.1
125,-0.18,Knows_ENISA,Knows_BSI,0.53,0.35
233,-0.18,Knows_MPI,Knows_ACS,0.55,0.37
70,-0.18,Usage_Console,PastInfo_Fam,0.17,-0.01
561,-0.18,PastVictim_Phishing,PastVictim_DDoS,0.54,0.36
620,-0.18,PastVictim_SocEng,PastVictim_Scareware,0.56,0.38
641,-0.18,PastVictim_SocMedHack,PastVictim_DDoS,0.55,0.37
375,-0.18,PastVictim_APT,Knows_CODE,0.5,0.32
379,-0.18,PastVictim_APT,Knows_CERTb,0.43,0.25
396,-0.18,PastVictim_APT,FutureVictim_CyStalk,0.35,0.17
643,-0.18,PastVictim_SocMedHack,PastVictim_APT,0.57,0.39
439,-0.18,PastVictim_CyBully,PastVictim_APT,0.56,0.38
710,-0.18,PastHelp_Manuf,FutureVictim_SocEng,0.21,0.03
700,-0.18,PastHelp_Manuf,FutureVictim_DDoS,0.26,0.08
383,-0.18,PastVictim_APT,Knows_DigDay,0.47,0.29
530,-0.17,PastVictim_Spyware,Knows_BKA,0.19,0.02
394,-0.17,PastVictim_APT,FutureVictim_Virus,0.16,-0.01
702,-0.17,PastHelp_Manuf,FutureVictim_APT,0.21,0.04
1287,0.17,RelInfo_SecShopping,PastVictim_Scareware,-0.13,0.04
808,-0.17,PastHelp_PrivateMed,PastHelp_PCShop,0.43,0.26
1171,-0.17,PastInfo_Publication,FutureVictim_Sidechannel,0.23,0.06
1346,-0.17,Sum_Fear,PastHelp_Manuf,0.31,0.14
529,-0.17,PastVictim_Spyware,Knows_BSI,0.24,0.07
707,-0.17,PastHelp_Manuf,FutureVictim_Scareware,0.19,0.02
239,-0.17,Knows_MPI,FutureVictim_Scareware,0.09,-0.08
414,-0.17,PastVictim_Sidechannel,PastVictim_CyBully,0.58,0.41
1195,-0.17,PastInfo_SecNewSites,PastInfo_SecAgencySites,0.72,0.55
686,-0.17,PastHelp_CERTl,FutureVictim_Scareware,0.19,0.02
276,-0.17,Knows_PWDay,Knows_CERTv,0.55,0.38
131,-0.17,Knows_ENISA,Knows_DigDay,0.63,0.46
902,-0.17,FutureVictim_IDTheft,FutureInfo_Publication,0.09,-0.08
214,-0.17,Knows_CODE,Knows_CISPA,0.55,0.38
1070,-0.17,Uses_OSUpdates,Uses_AppUpdates,0.81,0.64
181,-0.17,Knows_Zitis,Knows_Athene,0.68,0.51
171,-0.17,Knows_Zitis,CyberThreat_Danger,0.16,-0.01
156,-0.17,Knows_Europol,FutureVictim_Sidechannel,0.12,-0.05
1258,-0.17,RelInfo_CurrentSpamCampaigns,PastHelp_Influencer,0.07,-0.1
167,-0.17,Knows_ProPK,Knows_Athene,0.56,0.39
942,-0.17,FutureVictim_Doxing,CyberThreat_Education,0.24,0.07
884,-0.17,FutureVictim_PerfTheft,FutureInfo_SoftwareSites,0.12,-0.05
376,-0.17,PastVictim_APT,Knows_Kastel,0.48,0.31
163,-0.17,Knows_CAZ,Knows_BKA,0.4,0.23
567,-0.17,PastVictim_Phishing,PastVictim_Doxing,0.57,0.4
761,-0.17,PastHelp_PCShop,Knows_ACS,0.22,0.05
366,-0.17,PastVictim_APT,CyberThreat_CyberCrimeJustice,0.27,0.1
1027,-0.17,Uses_MailEncryption,Uses_AnonService,0.56,0.39
367,-0.17,PastVictim_APT,Knows_ENISA,0.43,0.26
1352,-0.17,Sum_Fear,PastHelp_IntExperts,0.27,0.1
355,-0.17,PastVictim_PerfTheft,FutureVictim_Spyware,0.21,0.04
348,-0.17,PastVictim_PerfTheft,PastVictim_CyBully,0.58,0.41
1019,-0.17,Uses_Spamfilter,Uses_FileEncryption,0.26,0.09
756,-0.17,PastHelp_PCShop,Knows_CISPA,0.2,0.03
308,-0.16,PastVictim_Virus,PastVictim_SocEng,0.47,0.31
202,-0.16,Knows_HGI,CyberThreat_CyberWar,0.15,-0.01
307,-0.16,PastVictim_Virus,PastVictim_Phishing,0.53,0.37
865,0.16,PastHelp_Self,Income,-0.04,0.12
203,-0.16,Knows_HGI,Knows_BSI,0.4,0.24
1200,-0.16,PastInfo_SoftwareSites,PastHelp_ConsOffice,0.25,0.09
1293,0.16,RelInfo_SecAccounts,PastVictim_Scareware,-0.07,0.09
591,-0.16,PastVictim_Doxing,FutureVictim_CyStalk,0.36,0.2
872,-0.16,FutureVictim_Virus,FutureInfo_SoftwareSites,0.08,-0.08
623,-0.16,PastVictim_SocEng,PastHelp_PCShop,0.26,0.1
713,-0.16,PastHelp_Provider,PastHelp_Police,0.53,0.37
644,-0.16,PastVictim_SocMedHack,PastVictim_Scareware,0.5,0.34
714,-0.16,PastHelp_Provider,PastHelp_ConsOffice,0.61,0.45
1180,-0.16,PastInfo_Publication,PastInfo_Fam,0.37,0.21
343,-0.16,PastVictim_PerfTheft,Knows_PWDay,0.36,0.2
722,-0.16,PastHelp_ConsOffice,FutureVictim_DDoS,0.19,0.03
425,0.16,PastVictim_Sidechannel,FutureInfo_TV,-0.09,0.07
416,-0.16,PastVictim_Sidechannel,PastVictim_Scareware,0.61,0.45
424,-0.16,PastVictim_Sidechannel,FutureVictim_SocMedHack,0.26,0.1
675,-0.16,PastHelp_CERTl,CyberThreat_KnownWebsites,0.14,-0.02
781,-0.16,PastHelp_PCShop,FutureVictim_Phishing,0.14,-0.02
706,-0.16,PastHelp_Manuf,FutureVictim_Ransomware,0.18,0.02
790,-0.16,PastHelp_PublicMed,FutureVictim_Sidechannel,0.23,0.07
794,-0.16,PastHelp_PublicMed,FutureVictim_Scareware,0.2,0.04
1174,-0.16,PastInfo_Publication,FutureVictim_Scareware,0.19,0.03
326,-0.16,PastVictim_DDoS,FutureVictim_CyStalk,0.32,0.16
487,-0.16,PastVictim_ShopScam,PastVictim_APT,0.5,0.34
371,-0.16,PastVictim_APT,Knows_Zitis,0.39,0.23
704,-0.16,PastHelp_Manuf,FutureVictim_CyBully,0.17,0.01
253,-0.16,Knows_CERTv,Knows_ACS,0.67,0.51
709,-0.16,PastHelp_Manuf,FutureVictim_Doxing,0.19,0.03
772,-0.16,PastHelp_PCShop,FutureVictim_APT,0.18,0.02
294,-0.16,Knows_CSECDay,CyberThreat_Danger,0.13,-0.03
1176,-0.16,PastInfo_Publication,FutureVictim_Phishing,0.1,-0.06
237,-0.16,Knows_MPI,FutureVictim_APT,0.13,-0.03
404,0.16,PastVictim_APT,FutureInfo_MicroBlog,0.04,0.2
758,-0.16,PastHelp_PCShop,Knows_CODE,0.21,0.05
278,-0.16,Knows_PWDay,Knows_DigDay,0.61,0.45
417,-0.16,PastVictim_Sidechannel,PastVictim_Phishing,0.62,0.46
230,-0.16,Knows_MPI,Knows_Athene,0.51,0.35
1170,-0.16,PastInfo_Publication,FutureVictim_APT,0.24,0.08
1085,-0.16,Uses_Camcover,PastVictim_Phishing,0.14,-0.02
1357,-0.16,Sum_Fear,FutureInfo_SoftwareSites,0.12,-0.04
1046,-0.16,Uses_VPN,Uses_MailEncryption,0.54,0.38
1020,-0.16,Uses_Spamfilter,Uses_MailEncryption,0.24,0.08
1373,-0.16,Sum_SecurityLevel,FutureVictim_CyBully,0.18,0.02
1349,-0.16,Sum_Fear,PastHelp_PCShop,0.22,0.06
117,-0.16,CyberThreat_Ignorance,CyberThreat_Education,0.28,0.12
931,0.16,FutureVictim_Spyware,FutureInfo_WarningApps,-0.02,0.14
1379,-0.16,Sum_SecurityLevel,FutureVictim_SocEng,0.19,0.03
907,-0.16,FutureVictim_Ransomware,FutureInfo_SoftwareSites,0.06,-0.1
119,-0.16,CyberThreat_FearCyberWar,CyberThreat_CyberWar,0.44,0.28
523,0.16,PastVictim_Spyware,Age,-0.23,-0.07
1378,-0.16,Sum_SecurityLevel,FutureVictim_Doxing,0.2,0.04
912,-0.16,FutureVictim_ShopScam,FutureInfo_SoftwareSites,0.06,-0.1
936,-0.16,FutureVictim_Phishing,FutureInfo_Publication,0.07,-0.09
1153,-0.16,PastInfo_Fam,Knows_PWDay,0.25,0.09
938,-0.16,FutureVictim_Doxing,CyberThreat_Danger,0.32,0.16
555,-0.16,PastVictim_Phishing,Knows_CODE,0.32,0.16
110,-0.15,CyberThreat_GERPreparedness,CyberThreat_Danger,0.01,-0.14
792,-0.15,PastHelp_PublicMed,FutureVictim_CyStalk,0.26,0.11
541,-0.15,PastVictim_Spyware,FutureVictim_SocMedHack,0.31,0.16
112,-0.15,CyberThreat_GERPreparedness,CyberThreat_FearCyberWar,0.1,-0.05
265,-0.15,Knows_CyberMonth,Knows_BSI,0.43,0.28
937,-0.15,FutureVictim_Phishing,FutureInfo_SoftwareSites,0.08,-0.07
885,-0.15,FutureVictim_APT,CyberThreat_Danger,0.37,0.22
33,-0.15,Usage_SmartWatch,PastInfo_Fam,0.17,0.02
392,-0.15,PastVictim_APT,PastHelp_PublicMed,0.4,0.25
393,-0.15,PastVictim_APT,PastHelp_IntExperts,0.36,0.21
252,-0.15,Knows_CERTv,Knows_Athene,0.63,0.48
337,-0.15,PastVictim_PerfTheft,CyberThreat_InformationSource,0.2,0.05
247,-0.15,Knows_CERTb,Knows_ACS,0.66,0.51
246,-0.15,Knows_CERTb,Knows_Athene,0.6,0.45
814,0.15,PastHelp_Forum,Income,0.05,0.2
691,-0.15,PastHelp_Police,FutureVictim_Sidechannel,0.16,0.01
1143,0.15,PastInfo_Fam,Age,-0.13,0.02
940,-0.15,FutureVictim_Doxing,CyberThreat_Risk4Individual,0.22,0.07
1041,-0.15,Uses_VPN,PastVictim_SocMedHack,0.19,0.04
39,-0.15,Usage_SmartCar,PastVictim_APT,0.43,0.28
1334,-0.15,Sum_Fear,Knows_BSI,0.23,0.08
733,-0.15,PastHelp_EmployerIT,Knows_Athene,0.22,0.07
332,-0.15,PastVictim_DDoS,FutureVictim_SocMedHack,0.24,0.09
606,-0.15,PastVictim_SocEng,Knows_CODE,0.42,0.27
1289,0.15,RelInfo_SecShopping,FutureVictim_CyStalk,-0.06,0.09
556,-0.15,PastVictim_Phishing,Knows_MPI,0.22,0.07
350,-0.15,PastVictim_PerfTheft,FutureVictim_DDoS,0.25,0.1
351,-0.15,PastVictim_PerfTheft,FutureVictim_Sidechannel,0.33,0.18
319,-0.15,PastVictim_DDoS,PastVictim_CyStalk,0.51,0.36
352,-0.15,PastVictim_PerfTheft,FutureVictim_CyStalk,0.29,0.14
354,-0.15,PastVictim_PerfTheft,FutureVictim_Scareware,0.27,0.12
986,-0.15,Uses_BackupMobile,FutureVictim_SocMedHack,0.22,0.07
1294,0.15,RelInfo_SecAccounts,PastInfo_WarningApps,0.01,0.16
40,-0.15,Usage_SmartCar,FutureVictim_Spyware,0.1,-0.05
1277,-0.15,RelInfo_DataBreakdown,FutureVictim_PerfTheft,0.16,0.01
1015,-0.15,Uses_Spamfilter,FutureVictim_CyBully,0.03,-0.12
1029,-0.15,Uses_MailEncryption,Sum_SecurityLevel,0.65,0.5
368,-0.15,PastVictim_APT,Knows_BSI,0.27,0.12
370,-0.15,PastVictim_APT,Knows_ProPK,0.35,0.2
48,-0.15,Usage_Console,CyberThreat_InformationSource,0.16,0.01
92,-0.15,Usage_SmartHeater,PastVictim_APT,0.42,0.27
378,-0.15,PastVictim_APT,Knows_ACS,0.43,0.28
283,-0.15,Knows_PWDay,FutureVictim_Scareware,0.12,-0.03
1372,-0.15,Sum_SecurityLevel,FutureVictim_Sidechannel,0.23,0.08
43,0.15,Usage_PC,Usage_Laptop,-0.22,-0.07
534,-0.15,PastVictim_Spyware,PastVictim_Phishing,0.69,0.54
817,-0.15,PastHelp_Forum,FutureVictim_Sidechannel,0.16,0.01
809,-0.15,PastHelp_PrivateMed,FutureVictim_DDoS,0.2,0.05
465,-0.15,PastVictim_IDTheft,PastVictim_APT,0.61,0.46
1163,-0.15,PastInfo_Press,PastHelp_Colleague,0.27,0.12
206,-0.15,Knows_HGI,Knows_CODE,0.75,0.6
205,-0.15,Knows_HGI,Knows_CISPA,0.59,0.44
142,-0.15,Knows_BKA,Knows_Athene,0.3,0.15
547,-0.15,PastVictim_Spyware,FutureInfo_SecAgencySites,0.09,-0.06
588,-0.15,PastVictim_Doxing,FutureVictim_Virus,0.2,0.05
467,-0.15,PastVictim_IDTheft,PastVictim_CyStalk,0.59,0.44
199,-0.15,Knows_HGI,CyberThreat_Danger,0.14,-0.01
466,-0.15,PastVictim_IDTheft,PastVictim_CyBully,0.51,0.36
584,-0.15,PastVictim_Doxing,PastHelp_PCShop,0.27,0.12
194,-0.15,Knows_CISPA,CyberThreat_GERCounterAttack,0.22,0.07
191,-0.15,Knows_Athene,CyberThreat_Danger,0.13,-0.02
655,-0.15,PastHelp_BSI,CyberThreat_KnownWebsites,0.17,0.02
1151,-0.15,PastInfo_Fam,Knows_Heise,0.19,0.04
146,-0.15,Knows_CERTl,CyberThreat_Danger,0.14,-0.01
645,-0.15,PastVictim_SocMedHack,PastVictim_Phishing,0.58,0.43
446,-0.15,PastVictim_CyStalk,Degree,0.11,-0.04
501,-0.15,PastVictim_Scareware,Knows_CERTb,0.26,0.11
449,-0.15,PastVictim_CyStalk,CyberThreat_CyberWar,0.13,-0.02
151,-0.15,Knows_CERTl,Knows_Athene,0.62,0.47
625,-0.15,PastVictim_SocEng,PastHelp_IntExperts,0.32,0.17
888,-0.15,FutureVictim_APT,FutureInfo_SecNewSites,0.09,-0.06
882,-0.15,FutureVictim_PerfTheft,FutureVictim_APT,0.8,0.65
1209,-0.15,PastInfo_SecSoftwareSites,FutureVictim_APT,0.21,0.06
886,-0.15,FutureVictim_APT,CyberThreat_Risk4Individual,0.25,0.1
846,-0.15,PastHelp_IntExperts,FutureVictim_Phishing,0.13,-0.02
1363,-0.15,Sum_SecurityLevel,PastVictim_ShopScam,0.13,-0.02
223,-0.15,Knows_Kastel,Knows_CISPA,0.54,0.39
1321,-0.15,Sum_institution_knowledge,PastHelp_PCShop,0.23,0.08
412,-0.15,PastVictim_Sidechannel,PastVictim_PerfTheft,0.75,0.6
224,-0.15,Knows_Kastel,Knows_CODE,0.74,0.59
219,-0.15,Knows_Kastel,Knows_BSI,0.41,0.26
1194,-0.14,PastInfo_SecNewSites,PastInfo_Fam,0.28,0.14
1082,0.14,Uses_AppUpdates,RelInfo_ImportantUpdate,0.34,0.48
716,-0.14,PastHelp_Provider,FutureVictim_Sidechannel,0.21,0.07
1270,-0.14,RelInfo_SecGap,FutureVictim_Doxing,0.16,0.02
415,-0.14,PastVictim_Sidechannel,PastVictim_IDTheft,0.63,0.49
1010,-0.14,Uses_Spamfilter,PastVictim_CyBully,-0.03,-0.17
1050,-0.14,Uses_PWManager,Knows_CSECDay,0.26,0.12
1058,-0.14,Uses_2FA,PastHelp_CERTl,0.18,0.04
613,-0.14,PastVictim_SocEng,Knows_PWDay,0.28,0.14
1014,-0.14,Uses_Spamfilter,FutureVictim_PerfTheft,0.04,-0.1
444,-0.14,PastVictim_CyBully,PastInfo_SecNewSites,0.23,0.09
1279,-0.14,RelInfo_DataBreakdown,RelInfo_BestPractice,0.58,0.44
359,-0.14,PastVictim_PerfTheft,PastInfo_Fam,0.23,0.09
1191,-0.14,PastInfo_SecNewSites,Knows_CODE,0.36,0.22
442,-0.14,PastVictim_CyBully,FutureVictim_DDoS,0.23,0.09
1235,-0.14,PastInfo_Newsletter,FutureVictim_APT,0.21,0.07
684,-0.14,PastHelp_CERTl,PastHelp_BSI,0.68,0.54
21,-0.14,Usage_Tablet,Knows_Athene,0.24,0.1
1095,-0.14,Uses_Camcover,PastInfo_InstalledSoftware,0.28,0.14
456,-0.14,PastVictim_CyStalk,PastHelp_EmployerIT,0.23,0.09
996,-0.14,Uses_FirewallMobile,Uses_BackupMobile,0.42,0.28
1210,-0.14,PastInfo_SecSoftwareSites,FutureVictim_Sidechannel,0.18,0.04
723,-0.14,PastHelp_ConsOffice,FutureVictim_PerfTheft,0.12,-0.02
66,-0.14,Usage_Console,PastHelp_PCShop,0.09,-0.05
696,-0.14,PastHelp_Police,FutureVictim_SocEng,0.15,0.01
997,-0.14,Uses_FirewallMobile,Uses_FileEncryption,0.41,0.27
719,-0.14,PastHelp_ConsOffice,CyberThreat_KnownWebsites,0.18,0.04
25,-0.14,Usage_Tablet,PastInfo_Fam,0.15,0.01
1118,-0.14,Uses_SafeSearchEng,Knows_Athene,0.34,0.2
461,-0.14,PastVictim_CyStalk,PastInfo_SecNewSites,0.25,0.11
361,0.14,PastVictim_APT,Age,-0.25,-0.11
697,-0.14,PastHelp_Police,FutureVictim_SocMedHack,0.17,0.03
1207,-0.14,PastInfo_SecSoftwareSites,FutureVictim_DDoS,0.19,0.05
1272,-0.14,RelInfo_SecGap,FutureVictim_SocMedHack,0.18,0.04
1383,-0.14,Sum_SecurityLevel,PastInfo_SocialMedia,0.21,0.07
1066,0.14,Uses_OSUpdates,Usage_Smartphone,-0.03,0.11
665,-0.14,PastHelp_BSI,FutureVictim_APT,0.18,0.04
385,-0.14,PastVictim_APT,PastHelp_BSI,0.3,0.16
420,-0.14,PastVictim_Sidechannel,FutureVictim_Virus,0.19,0.05
1054,-0.14,Uses_PWManager,PastInfo_Fam,0.2,0.06
32,-0.14,Usage_SmartWatch,PastHelp_PublicMed,0.2,0.06
1017,-0.14,Uses_Spamfilter,FutureVictim_SocEng,0.05,-0.09
428,-0.14,PastVictim_Spam,PastVictim_Sidechannel,0.12,-0.02
674,-0.14,PastHelp_CERTl,CyberThreat_Danger,0.13,-0.01
621,-0.14,PastVictim_SocEng,PastHelp_Police,0.12,-0.02
423,-0.14,PastVictim_Sidechannel,FutureVictim_Spyware,0.2,0.06
390,-0.14,PastVictim_APT,PastHelp_EmployerIT,0.32,0.18
1073,-0.14,Uses_OSUpdates,PastInfo_InstalledSoftware,0.31,0.17
532,-0.14,PastVictim_Spyware,PastVictim_PerfTheft,0.57,0.43
552,-0.14,PastVictim_Phishing,Knows_Zitis,0.24,0.1
434,-0.14,PastVictim_CyBully,CyberThreat_Education,0.17,0.03
1105,-0.14,Uses_CloudBackup,PastVictim_Spyware,0.15,0.01
1035,-0.14,Uses_VPN,PastVictim_CyBully,0.16,0.02
1229,-0.14,PastInfo_Messenger,PastHelp_Colleague,0.26,0.12
374,-0.14,PastVictim_APT,Knows_HGI,0.49,0.35
373,-0.14,PastVictim_APT,Knows_CISPA,0.4,0.26
372,-0.14,PastVictim_APT,Knows_Athene,0.42,0.28
398,-0.14,PastVictim_APT,FutureVictim_SocMedHack,0.23,0.09
8,-0.14,Usage_Laptop,FutureVictim_SocEng,0.12,-0.02
1213,-0.14,PastInfo_SecSoftwareSites,FutureVictim_SocEng,0.18,0.04
49,-0.14,Usage_Console,CyberThreat_CyberWar,0.07,-0.07
1384,-0.14,Sum_SecurityLevel,PastInfo_Podcast,0.32,0.18
20,0.14,Usage_Smartphone,RelInfo_SecBanking,-0.02,0.12
15,-0.14,Usage_MobilePhone,Knows_BSI,0.17,0.03
1061,-0.14,Uses_2FA,PastHelp_IntExperts,0.2,0.06
560,-0.14,PastVictim_Phishing,Knows_PWDay,0.22,0.08
729,-0.14,PastHelp_ConsOffice,FutureVictim_SocMedHack,0.15,0.01
1168,-0.14,PastInfo_Publication,FutureVictim_DDoS,0.2,0.06
901,-0.14,FutureVictim_IDTheft,FutureVictim_CyBully,0.65,0.51
507,-0.14,PastVictim_Scareware,PastVictim_CyBully,0.44,0.3
1244,-0.14,FutureInfo_Publication,CyberThreat_Ignorance,0.03,-0.11
578,-0.14,PastVictim_Doxing,Knows_BSI,0.21,0.07
834,-0.14,PastHelp_IntExperts,FutureVictim_Virus,0.15,0.01
226,-0.14,Knows_Kastel,Knows_CERTb,0.61,0.47
227,-0.14,Knows_Kastel,Knows_CERTv,0.67,0.53
832,-0.14,PastHelp_IntExperts,PastHelp_Influencer,0.54,0.4
629,-0.14,PastVictim_SocEng,FutureVictim_Scareware,0.3,0.16
134,-0.14,Knows_BSI,CyberThreat_Uninformed,-0.1,-0.24
133,-0.14,Knows_BSI,CyberThreat_Danger,0.2,0.06
129,-0.14,Knows_ENISA,Knows_CERTb,0.61,0.47
1169,-0.14,PastInfo_Publication,FutureVictim_PerfTheft,0.2,0.06
821,-0.14,PastHelp_Forum,FutureVictim_SocMedHack,0.16,0.02
238,-0.14,Knows_MPI,FutureVictim_Sidechannel,0.12,-0.02
926,-0.14,FutureVictim_Spyware,FutureVictim_Phishing,0.81,0.67
815,-0.14,PastHelp_Forum,CyberThreat_KnownWebsites,0.05,-0.09
241,-0.14,Knows_ACS,CyberThreat_Danger,0.11,-0.03
928,-0.14,FutureVictim_Spyware,FutureVictim_SocMedHack,0.72,0.58
245,-0.14,Knows_CERTb,Knows_BKA,0.32,0.18
1313,-0.14,RelInfo_Tutorial,RelInfo_TechSupport,0.73,0.59
251,-0.14,Knows_CERTv,CyberThreat_FearCyberWar,0.17,0.03
116,-0.14,CyberThreat_SelfDefense,CyberThreat_GERCounterAttack,0.17,0.03
589,-0.14,PastVictim_Doxing,FutureVictim_DDoS,0.3,0.16
844,-0.14,PastHelp_IntExperts,FutureVictim_Scareware,0.17,0.03
899,-0.14,FutureVictim_CyStalk,FutureVictim_CyBully,0.84,0.7
847,-0.14,PastHelp_IntExperts,FutureVictim_Doxing,0.17,0.03
164,-0.14,Knows_CAZ,Knows_Athene,0.59,0.45
158,-0.14,Knows_Europol,FutureVictim_CyStalk,0.12,-0.02
883,0.14,FutureVictim_PerfTheft,FutureInfo_TV,-0.11,0.03
155,-0.14,Knows_Europol,Knows_CyberMonth,0.37,0.23
891,-0.14,FutureVictim_Sidechannel,FutureVictim_DDoS,0.74,0.6
502,-0.14,PastVictim_Scareware,Knows_CERTv,0.32,0.18
176,-0.14,Knows_Zitis,Knows_BKA,0.34,0.2
150,-0.14,Knows_CERTl,Knows_CAZ,0.63,0.49
179,-0.14,Knows_Zitis,Knows_CAZ,0.65,0.51
148,-0.14,Knows_CERTl,Knows_BSI,0.5,0.36
147,-0.14,Knows_CERTl,CyberThreat_InformationSource,0.3,0.16
182,-0.14,Knows_Zitis,Knows_CISPA,0.55,0.41
870,-0.14,FutureVictim_Virus,FutureVictim_SocMedHack,0.7,0.56
862,-0.14,PastHelp_Colleague,Knows_PWDay,0.23,0.09
188,-0.14,Knows_Zitis,FutureVictim_CyStalk,0.21,0.07
189,-0.14,Knows_Zitis,FutureVictim_Scareware,0.11,-0.03
1327,-0.14,Sum_Victim,PastVictim_Spyware,0.64,0.5
859,-0.14,PastHelp_Colleague,Knows_BKA,0.2,0.06
497,-0.14,PastVictim_Scareware,Knows_CAZ,0.24,0.1
1336,-0.14,Sum_Fear,Knows_Europol,0.23,0.09
1162,-0.14,PastInfo_Fam,FutureVictim_SocMedHack,0.2,0.06
1150,-0.14,PastInfo_Fam,Knows_CERTb,0.22,0.08
849,-0.14,PastHelp_IntExperts,FutureVictim_SocMedHack,0.15,0.01
806,-0.14,PastHelp_PrivateMed,PastHelp_Police,0.29,0.15
1345,-0.14,Sum_Fear,PastHelp_Police,0.16,0.02
803,-0.14,PastHelp_PrivateMed,Knows_CyberMonth,0.33,0.19
89,-0.14,Usage_SmartHeater,Knows_CSECDay,0.31,0.17
1354,-0.14,Sum_Fear,PastHelp_Colleague,0.29,0.15
86,-0.14,Usage_SmartHeater,Knows_HGI,0.36,0.22
84,-0.14,Usage_SmartHeater,Knows_Zitis,0.27,0.13
519,-0.14,PastVictim_Scareware,FutureVictim_Scareware,0.32,0.18
1127,-0.14,Uses_SafeSearchEng,Uses_CloudBackup,0.34,0.2
483,-0.14,PastVictim_Ransomware,PastHelp_IntExperts,0.15,0.01
81,-0.14,Usage_SmartLights,FutureInfo_Multimedia,0.13,-0.01
521,-0.14,PastVictim_Scareware,PastInfo_MicroBlog,0.34,0.2
982,-0.14,Uses_BackupMobile,FutureVictim_Scareware,0.2,0.06
311,-0.14,PastVictim_Virus,FutureVictim_DDoS,0.28,0.14
601,-0.14,PastVictim_SocEng,Knows_BSI,0.21,0.07
747,-0.14,PastHelp_EmployerIT,FutureVictim_SocMedHack,0.22,0.08
746,-0.14,PastHelp_EmployerIT,FutureVictim_Scareware,0.22,0.08
1181,-0.14,PastInfo_TV,PastHelp_PCShop,0.2,0.06
321,-0.14,PastVictim_DDoS,PastHelp_Provider,0.21,0.07
323,-0.14,PastVictim_DDoS,PastHelp_PCShop,0.24,0.1
324,-0.14,PastVictim_DDoS,PastHelp_PublicMed,0.32,0.18
328,-0.14,PastVictim_DDoS,FutureVictim_Spyware,0.23,0.09
735,-0.14,PastHelp_EmployerIT,Knows_Kastel,0.24,0.1
1288,0.14,RelInfo_SecShopping,FutureVictim_Sidechannel,-0.01,0.13
485,-0.14,PastVictim_ShopScam,PastVictim_DDoS,0.4,0.26
457,-0.14,PastVictim_CyStalk,PastHelp_PublicMed,0.3,0.16
1175,-0.14,PastInfo_Publication,FutureVictim_Spyware,0.11,-0.03
486,-0.14,PastVictim_ShopScam,PastVictim_PerfTheft,0.5,0.36
1172,-0.14,PastInfo_Publication,FutureVictim_CyBully,0.19,0.05
281,-0.14,Knows_PWDay,FutureVictim_Ransomware,0.08,-0.06
1173,-0.14,PastInfo_Publication,FutureVictim_CyStalk,0.2,0.06
515,-0.14,PastVictim_Scareware,PastHelp_PCShop,0.2,0.06
263,-0.14,Knows_CyberMonth,CyberThreat_Danger,0.12,-0.02
1133,-0.14,PastInfo_School,Knows_Athene,0.28,0.14
96,-0.14,Usage_SmartHeater,PastVictim_SocEng,0.38,0.24
262,-0.14,Knows_Heise,FutureInfo_Fam,-0.02,-0.16
290,-0.14,Knows_DigDay,FutureVictim_CyStalk,0.23,0.09
967,-0.14,Uses_BackupPC,FutureVictim_SocEng,0.2,0.06
91,-0.14,Usage_SmartHeater,PastVictim_PerfTheft,0.39,0.25
968,-0.14,Uses_BackupPC,Uses_BackupMobile,0.66,0.52
932,-0.14,FutureVictim_Phishing,CyberThreat_Education,0.27,0.13
1347,-0.14,Sum_Fear,PastHelp_ConsOffice,0.21,0.07
628,-0.13,PastVictim_SocEng,FutureVictim_CyStalk,0.34,0.21
607,-0.13,PastVictim_SocEng,Knows_Kastel,0.4,0.27
626,-0.13,PastVictim_SocEng,FutureVictim_DDoS,0.29,0.16
604,-0.13,PastVictim_SocEng,Knows_CISPA,0.32,0.19
608,-0.13,PastVictim_SocEng,Knows_MPI,0.26,0.13
559,-0.13,PastVictim_Phishing,Knows_CyberMonth,0.28,0.15
603,-0.13,PastVictim_SocEng,Knows_Athene,0.36,0.23
573,-0.13,PastVictim_Phishing,PastInfo_MicroBlog,0.33,0.2
576,-0.13,PastVictim_Doxing,CyberThreat_Danger,0.19,0.06
546,0.13,PastVictim_Spyware,FutureInfo_TV,-0.12,0.01
595,-0.13,PastVictim_Doxing,PastInfo_WarningApps,0.24,0.11
575,0.13,PastVictim_Phishing,FutureInfo_WarningApps,-0.09,0.04
609,-0.13,PastVictim_SocEng,Knows_ACS,0.36,0.23
1220,-0.13,PastInfo_MicroBlog,PastInfo_Fam,0.3,0.17
582,-0.13,PastVictim_Doxing,PastVictim_CyBully,0.56,0.43
586,-0.13,PastVictim_Doxing,PastHelp_IntExperts,0.3,0.17
1224,-0.13,PastInfo_Multimedia,PastInfo_Fam,0.39,0.26
1217,-0.13,PastInfo_MicroBlog,FutureVictim_DDoS,0.17,0.04
590,-0.13,PastVictim_Doxing,FutureVictim_PerfTheft,0.31,0.18
548,-0.13,PastVictim_Spyware,FutureInfo_SoftwareSites,0.07,-0.06
694,-0.13,PastHelp_Police,FutureVictim_Phishing,0.15,0.02
630,-0.13,PastVictim_SocEng,FutureVictim_Spyware,0.24,0.11
976,-0.13,Uses_BackupMobile,PastHelp_Colleague,0.25,0.12
1128,-0.13,Uses_SafeSearchEng,PastInfo_Fam,0.21,0.08
1129,0.13,Uses_SafeSearchEng,FutureInfo_TV,-0.14,-0.01
966,-0.13,Uses_BackupPC,FutureVictim_Doxing,0.19,0.06
953,0.13,FutureVictim_SocMedHack,FutureInfo_WarningApps,-0.03,0.1
952,-0.13,FutureVictim_SocMedHack,FutureInfo_SoftwareSites,0.09,-0.04
947,-0.13,FutureVictim_Doxing,FutureInfo_SoftwareSites,0.08,-0.05
933,-0.13,FutureVictim_Phishing,CyberThreat_CyberWar,0.19,0.06
929,-0.13,FutureVictim_Spyware,FutureInfo_SecNewSites,0.08,-0.05
921,-0.13,FutureVictim_Spyware,FutureVictim_DDoS,0.68,0.55
1146,-0.13,PastInfo_Fam,Knows_Zitis,0.25,0.12
911,-0.13,FutureVictim_ShopScam,FutureInfo_SecNewSites,0.07,-0.06
904,0.13,FutureVictim_IDTheft,FutureInfo_WarningApps,-0.04,0.09
881,-0.13,FutureVictim_PerfTheft,FutureVictim_DDoS,0.75,0.62
880,-0.13,FutureVictim_PerfTheft,CyberThreat_Education,0.23,0.1
878,0.13,FutureVictim_DDoS,FutureInfo_WarningApps,-0.06,0.07
876,-0.13,FutureVictim_DDoS,CyberThreat_Education,0.23,0.1
875,-0.13,FutureVictim_DDoS,CyberThreat_Risk4Individual,0.26,0.13
973,-0.13,Uses_BackupMobile,PastVictim_IDTheft,0.14,0.01
978,-0.13,Uses_BackupMobile,FutureVictim_Sidechannel,0.21,0.08
636,-0.13,PastVictim_SocMedHack,Knows_CAZ,0.23,0.1
984,-0.13,Uses_BackupMobile,FutureVictim_Doxing,0.21,0.08
1081,-0.13,Uses_AppUpdates,FutureInfo_Fam,-0.06,-0.19
1087,-0.13,Uses_Camcover,FutureVictim_APT,0.15,0.02
1075,-0.13,Uses_AppUpdates,PastHelp_CERTl,0.04,-0.09
1091,-0.13,Uses_Camcover,FutureVictim_SocEng,0.1,-0.03
1093,-0.13,Uses_Camcover,Uses_AppUpdates,0.17,0.04
1064,-0.13,Uses_2FA,Sum_Victim,0.22,0.09
1097,-0.13,Uses_DriveBackup,Usage_MobilePhone,0.1,-0.03
1052,-0.13,Uses_PWManager,Uses_MailEncryption,0.31,0.18
1100,-0.13,Uses_DriveBackup,Uses_Camcover,0.34,0.21
1101,-0.13,Uses_DriveBackup,Uses_CloudBackup,0.44,0.31
1033,-0.13,Uses_VPN,Usage_Console,0.15,0.02
1109,-0.13,Uses_CloudBackup,PastInfo_Publication,0.28,0.15
1011,-0.13,Uses_Spamfilter,PastHelp_IntExperts,0.07,-0.06
1003,-0.13,Uses_EncrMessenger,FutureVictim_CyBully,0.14,0.01
1122,-0.13,Uses_SafeSearchEng,Knows_CSECDay,0.36,0.23
991,-0.13,Uses_FirewallPC,FutureVictim_Ransomware,0.04,-0.09
1155,-0.13,PastInfo_Fam,Knows_CSECDay,0.23,0.1
869,-0.13,FutureVictim_Virus,FutureVictim_DDoS,0.67,0.54
1158,-0.13,PastInfo_Fam,PastHelp_EmployerIT,0.26,0.13
858,-0.13,PastHelp_Colleague,Knows_BSI,0.19,0.06
734,-0.13,PastHelp_EmployerIT,Knows_CODE,0.23,0.1
725,-0.13,PastHelp_ConsOffice,FutureVictim_Sidechannel,0.16,0.03
1189,-0.13,PastInfo_SecNewSites,Knows_Athene,0.35,0.22
705,-0.13,PastHelp_Manuf,FutureVictim_CyStalk,0.16,0.03
1193,-0.13,PastInfo_SecNewSites,Knows_CSECDay,0.37,0.24
1196,-0.13,PastInfo_SecNewSites,FutureInfo_Fam,-0.02,-0.15
678,-0.13,PastHelp_CERTl,Knows_BSI,0.29,0.16
673,0.13,PastHelp_BSI,FutureInfo_Publication,-0.03,0.1
672,-0.13,PastHelp_BSI,FutureVictim_SocMedHack,0.1,-0.03
666,-0.13,PastHelp_BSI,FutureVictim_Sidechannel,0.19,0.06
663,-0.13,PastHelp_BSI,Knows_CyberMonth,0.28,0.15
1205,-0.13,PastInfo_SoftwareSites,FutureInfo_SoftwareSites,0.28,0.15
654,-0.13,PastHelp_BSI,CyberThreat_Danger,0.14,0.01
653,-0.13,PastVictim_SocMedHack,PastInfo_Radio,0.19,0.06
638,-0.13,PastVictim_SocMedHack,Knows_MPI,0.2,0.07
637,-0.13,PastVictim_SocMedHack,Knows_Zitis,0.23,0.1
741,-0.13,PastHelp_EmployerIT,FutureVictim_PerfTheft,0.22,0.09
742,-0.13,PastHelp_EmployerIT,FutureVictim_Sidechannel,0.19,0.06
1182,-0.13,PastInfo_TV,PastInfo_Radio,0.7,0.57
837,-0.13,PastHelp_IntExperts,FutureVictim_APT,0.18,0.05
1160,-0.13,PastInfo_Fam,FutureVictim_DDoS,0.2,0.07
854,0.13,PastHelp_Family,FutureInfo_Fam,0.12,0.25
851,-0.13,PastHelp_Influencer,CyberThreat_KnownWebsites,0.08,-0.05
843,-0.13,PastHelp_IntExperts,FutureVictim_ShopScam,0.16,0.03
841,-0.13,PastHelp_IntExperts,FutureVictim_IDTheft,0.17,0.04
840,-0.13,PastHelp_IntExperts,FutureVictim_CyStalk,0.21,0.08
838,-0.13,PastHelp_IntExperts,FutureVictim_Sidechannel,0.16,0.03
812,-0.13,PastHelp_PrivateMed,FutureVictim_Phishing,0.14,0.01
750,-0.13,PastHelp_PCShop,Knows_ENISA,0.19,0.06
810,-0.13,PastHelp_PrivateMed,FutureVictim_Sidechannel,0.23,0.1
801,-0.13,PastHelp_PrivateMed,Knows_MPI,0.25,0.12
785,-0.13,PastHelp_PublicMed,PastHelp_EmployerIT,0.41,0.28
762,-0.13,PastHelp_PCShop,Knows_CERTv,0.21,0.08
759,-0.13,PastHelp_PCShop,Knows_Kastel,0.2,0.07
755,-0.13,PastHelp_PCShop,Knows_ProPK,0.19,0.06
1178,-0.13,PastInfo_Publication,FutureVictim_SocEng,0.16,0.03
791,-0.13,PastHelp_PublicMed,FutureVictim_CyBully,0.24,0.11
1083,-0.13,Uses_Camcover,Usage_SmartWatch,0.08,-0.05
258,-0.13,Knows_Heise,Knows_CODE,0.47,0.34
185,-0.13,Knows_Zitis,Knows_CERTv,0.6,0.47
339,-0.13,PastVictim_PerfTheft,Knows_BSI,0.26,0.13
162,-0.13,Knows_CAZ,Knows_BSI,0.5,0.37
93,-0.13,Usage_SmartHeater,PastVictim_IDTheft,0.3,0.17
1331,-0.13,Sum_Victim,PastHelp_Colleague,0.23,0.1
85,-0.13,Usage_SmartHeater,Knows_Athene,0.31,0.18
83,-0.13,Usage_SmartHeater,Knows_CERTl,0.3,0.17
1256,-0.13,RelInfo_CurrentSpamCampaigns,PastHelp_CERTl,0.09,-0.04
175,-0.13,Knows_Zitis,Knows_BSI,0.51,0.38
177,-0.13,Knows_Zitis,Knows_CERTl,0.63,0.5
178,-0.13,Knows_Zitis,Knows_Europol,0.42,0.29
453,-0.13,PastVictim_CyStalk,PastVictim_APT,0.6,0.47
186,-0.13,Knows_Zitis,FutureVictim_Virus,0.04,-0.09
55,-0.13,Usage_Console,Knows_Heise,0.24,0.11
1361,-0.13,Sum_SecurityLevel,PastVictim_CyBully,0.12,-0.01
1362,-0.13,Sum_SecurityLevel,PastVictim_IDTheft,0.12,-0.01
471,-0.13,PastVictim_IDTheft,PastHelp_IntExperts,0.23,0.1
1325,-0.13,Sum_Victim,Degree,0.18,0.05
1367,-0.13,Sum_SecurityLevel,PastVictim_SocMedHack,0.16,0.03
1369,-0.13,Sum_SecurityLevel,PastHelp_IntExperts,0.25,0.12
1248,-0.13,FutureInfo_Radio,CyberThreat_OnInfrastructure,0.03,-0.1
1247,-0.13,FutureInfo_Radio,CyberThreat_FirewallSecurity,0.05,-0.08
60,-0.13,Usage_Console,PastVictim_APT,0.32,0.19
477,-0.13,PastVictim_Ransomware,PastVictim_PerfTheft,0.39,0.26
302,-0.13,Knows_CSECDay,FutureVictim_Doxing,0.16,0.03
479,-0.13,PastVictim_Ransomware,PastHelp_BSI,0.11,-0.02
99,-0.13,Usage_SmartHeater,PastInfo_Podcast,0.3,0.17
154,-0.13,Knows_Europol,Knows_Athene,0.35,0.22
152,-0.13,Knows_Europol,Knows_CERTl,0.41,0.28
1265,-0.13,RelInfo_NewMalware,FutureVictim_SocMedHack,0.18,0.05
1343,-0.13,Sum_Fear,PastHelp_BSI,0.24,0.11
1340,-0.13,Sum_Fear,Knows_CSECDay,0.23,0.1
401,-0.13,PastVictim_APT,PastInfo_SecNewSites,0.34,0.21
407,-0.13,PastVictim_Sidechannel,CyberThreat_KnownWebsites,0.07,-0.06
408,-0.13,PastVictim_Sidechannel,CyberThreat_InformationSource,0.18,0.05
1344,-0.13,Sum_Fear,PastHelp_CERTl,0.24,0.11
387,-0.13,PastVictim_APT,PastHelp_Police,0.12,-0.01
411,-0.13,PastVictim_Sidechannel,PastVictim_DDoS,0.62,0.49
384,-0.13,PastVictim_APT,Knows_CSECDay,0.42,0.29
121,-0.13,CyberThreat_LEACompetence,CyberThreat_Danger,0.03,-0.1
381,-0.13,PastVictim_APT,Knows_CyberMonth,0.47,0.34
118,-0.13,CyberThreat_Helpless,CyberThreat_Education,0.31,0.18
377,-0.13,PastVictim_APT,Knows_MPI,0.32,0.19
137,-0.13,Knows_BSI,Knows_Athene,0.43,0.3
1276,-0.13,RelInfo_DataBreakdown,PastHelp_Colleague,0.14,0.01
421,-0.13,PastVictim_Sidechannel,FutureVictim_CyStalk,0.36,0.23
1348,-0.13,Sum_Fear,PastHelp_EmployerIT,0.29,0.16
105,-0.13,Usage_SmartSpeaker,Sum_SecurityLevel,0.24,0.11
429,-0.13,PastVictim_Spam,PastHelp_Colleague,0.2,0.07
139,-0.13,Knows_BSI,FutureVictim_APT,0.11,-0.02
141,-0.13,Knows_BKA,CyberThreat_GERCounterAttack,0.16,0.03
431,-0.13,PastVictim_Spam,FutureVictim_SocMedHack,0.3,0.17
143,-0.13,Knows_BKA,FutureVictim_Sidechannel,0.05,-0.08
102,-0.13,Usage_SmartSpeaker,Usage_Console,0.35,0.22
58,-0.13,Usage_Console,Knows_CSECDay,0.28,0.15
1249,0.13,FutureInfo_Radio,CyberThreat_SelfDefense,-0.1,0.03
1374,-0.13,Sum_SecurityLevel,FutureVictim_CyStalk,0.2,0.07
12,-0.13,Usage_Laptop,PastInfo_SocialMedia,0.16,0.03
295,-0.13,Knows_CSECDay,Knows_BSI,0.43,0.3
525,-0.13,PastVictim_Spyware,CyberThreat_Danger,0.28,0.15
22,-0.13,Usage_Tablet,PastHelp_Family,0.1,-0.03
524,-0.13,PastVictim_Spyware,Bundesland,0.03,-0.1
1304,0.13,RelInfo_SecEmail,RelInfo_CurrentSpamCampaigns,0.31,0.44
23,0.13,Usage_Tablet,FutureVictim_IDTheft,0.04,0.17
228,-0.13,Knows_Kastel,Knows_Heise,0.46,0.33
231,-0.13,Knows_MPI,Knows_CODE,0.51,0.38
273,-0.13,Knows_PWDay,Knows_Athene,0.48,0.35
512,-0.13,PastVictim_Scareware,PastHelp_CERTl,0.27,0.14
30,-0.13,Usage_SmartWatch,PastVictim_Scareware,0.19,0.06
1237,-0.13,PastInfo_Podcast,PastInfo_Newsletter,0.49,0.36
277,-0.13,Knows_PWDay,Knows_CyberMonth,0.55,0.42
280,-0.13,Knows_PWDay,FutureVictim_CyStalk,0.18,0.05
284,-0.13,Knows_PWDay,FutureVictim_SocMedHack,0.07,-0.06
236,-0.13,Knows_MPI,FutureVictim_Virus,0.02,-0.11
1298,0.13,RelInfo_SecHomeNetwork,RelInfo_NewMalware,0.35,0.48
1243,-0.13,FutureInfo_Publication,CyberThreat_Uninformed,0.03,-0.1
212,-0.13,Knows_CODE,Knows_BKA,0.24,0.11
489,-0.13,PastVictim_ShopScam,PastVictim_Doxing,0.48,0.35
538,-0.13,PastVictim_Spyware,PastHelp_Self,0.18,0.05
1370,-0.13,Sum_SecurityLevel,PastHelp_Influencer,0.18,0.05
1320,-0.13,Sum_institution_knowledge,Knows_Athene,0.69,0.56
282,-0.13,Knows_PWDay,FutureVictim_ShopScam,0.1,-0.03
261,-0.13,Knows_Heise,Knows_CyberMonth,0.51,0.38
242,-0.13,Knows_CERTb,CyberThreat_Danger,0.14,0.01
890,0.12,FutureVictim_Sidechannel,CyberThreat_Uninformed,0.13,0.25
232,-0.12,Knows_MPI,Knows_Kastel,0.51,0.39
130,-0.12,Knows_ENISA,Knows_CERTv,0.6,0.48
1311,0.12,RelInfo_Tutorial,PastInfo_Fam,0.05,0.17
892,-0.12,FutureVictim_Sidechannel,FutureInfo_Publication,0.07,-0.05
824,-0.12,PastHelp_IntExperts,CyberThreat_Uninformed,0.05,-0.07
1167,-0.12,PastInfo_Publication,CyberThreat_GERCounterAttack,0.2,0.08
895,-0.12,FutureVictim_CyBully,CyberThreat_Danger,0.24,0.12
249,-0.12,Knows_CERTv,CyberThreat_KnownWebsites,0.11,-0.01
1335,-0.12,Sum_Fear,Knows_BKA,0.2,0.08
243,-0.12,Knows_CERTb,CyberThreat_FearCyberWar,0.16,0.04
818,-0.12,PastHelp_Forum,FutureVictim_CyBully,0.14,0.02
900,-0.12,FutureVictim_IDTheft,CyberThreat_KnownWebsites,0.08,-0.04
811,-0.12,PastHelp_PrivateMed,FutureVictim_Spyware,0.13,0.01
1337,-0.12,Sum_Fear,Knows_Zitis,0.22,0.1
1317,0.12,RelInfo_RecHelp,PastInfo_SecAgencySites,0.07,0.19
908,0.12,FutureVictim_Ransomware,FutureInfo_WarningApps,-0.06,0.06
816,-0.12,PastHelp_Forum,CyberThreat_Uninformed,0.03,-0.09
820,-0.12,PastHelp_Forum,FutureVictim_SocEng,0.11,-0.01
1339,-0.12,Sum_Fear,Knows_PWDay,0.19,0.07
903,-0.12,FutureVictim_IDTheft,FutureInfo_SoftwareSites,0.07,-0.05
905,-0.12,FutureVictim_Ransomware,CyberThreat_FirewallSecurity,0.1,-0.02
909,-0.12,FutureVictim_ShopScam,CyberThreat_Education,0.23,0.11
1316,0.12,RelInfo_RecHelp,Knows_Heise,-0.03,0.09
906,0.12,FutureVictim_Ransomware,FutureInfo_TV,-0.09,0.03
1315,-0.12,RelInfo_TechSupport,RelInfo_RecHelp,0.58,0.46
207,-0.12,Knows_HGI,Knows_CERTb,0.61,0.49
889,0.12,FutureVictim_APT,FutureInfo_WarningApps,-0.05,0.07
866,-0.12,PastHelp_Self,PastHelp_ConsOffice,-0.03,-0.15
863,-0.12,PastHelp_Colleague,FutureVictim_Phishing,0.22,0.1
220,-0.12,Knows_Kastel,Knows_BKA,0.25,0.13
1157,-0.12,PastInfo_Fam,PastHelp_CERTl,0.21,0.09
218,-0.12,Knows_Kastel,CyberThreat_CyberWar,0.09,-0.03
193,-0.12,Knows_Athene,Knows_ACS,0.61,0.49
915,-0.12,FutureVictim_Scareware,CyberThreat_Education,0.23,0.11
195,-0.12,Knows_CISPA,Knows_CERTl,0.54,0.42
1159,-0.12,PastInfo_Fam,PastHelp_Self,0.06,-0.06
196,-0.12,Knows_CISPA,Knows_CAZ,0.52,0.4
853,-0.12,PastHelp_Family,FutureVictim_SocMedHack,0.21,0.09
839,-0.12,PastHelp_IntExperts,FutureVictim_CyBully,0.19,0.07
850,0.12,PastHelp_IntExperts,FutureInfo_TV,-0.11,0.01
204,-0.12,Knows_HGI,Knows_BKA,0.22,0.1
842,-0.12,PastHelp_IntExperts,FutureVictim_Ransomware,0.15,0.03
211,-0.12,Knows_CODE,Knows_BSI,0.4,0.28
848,-0.12,PastHelp_IntExperts,FutureVictim_SocEng,0.15,0.03
1323,-0.12,Sum_institution_knowledge,PastInfo_Fam,0.3,0.18
864,0.12,PastHelp_Colleague,FutureInfo_Fam,-0.01,0.11
221,-0.12,Knows_Kastel,Knows_Europol,0.32,0.2
868,-0.12,FutureVictim_Virus,CyberThreat_Education,0.27,0.15
159,-0.12,Knows_Europol,FutureVictim_Ransomware,0.08,-0.04
208,-0.12,Knows_HGI,Knows_CERTv,0.66,0.54
168,-0.12,Knows_ProPK,Knows_CISPA,0.44,0.32
1332,-0.12,Sum_Victim,RelInfo_SecDevice,0.07,-0.05
825,-0.12,PastHelp_IntExperts,CyberThreat_FearCyberWar,0.13,0.01
170,-0.12,Knows_ProPK,Knows_CERTv,0.5,0.38
879,-0.12,FutureVictim_PerfTheft,CyberThreat_Risk4Individual,0.21,0.09
1165,-0.12,PastInfo_Press,FutureVictim_Sidechannel,0.19,0.07
877,-0.12,FutureVictim_DDoS,FutureVictim_CyBully,0.58,0.46
828,-0.12,PastHelp_IntExperts,Knows_PWDay,0.28,0.16
174,-0.12,Knows_Zitis,Knows_ENISA,0.62,0.5
1318,-0.12,Sum_institution_knowledge,CyberThreat_Danger,0.18,0.06
833,-0.12,PastHelp_IntExperts,PastHelp_Family,0.28,0.16
225,-0.12,Knows_Kastel,Knows_ACS,0.65,0.53
871,-0.12,FutureVictim_Virus,FutureInfo_Publication,0.06,-0.06
183,-0.12,Knows_Zitis,Knows_Kastel,0.62,0.5
914,-0.12,FutureVictim_Scareware,CyberThreat_GERPreparedness,0.08,-0.04
1233,0.12,PastInfo_Newsletter,Age,0.03,0.15
918,-0.12,FutureVictim_Scareware,FutureInfo_Publication,0.05,-0.07
1121,-0.12,Uses_SafeSearchEng,Knows_CERTv,0.38,0.26
1039,-0.12,Uses_VPN,PastVictim_Spyware,0.23,0.11
1104,-0.12,Uses_CloudBackup,PastVictim_CyStalk,0.2,0.08
1037,-0.12,Uses_VPN,PastVictim_ShopScam,0.14,0.02
45,-0.12,Usage_SmartTV,FutureInfo_Press,0.01,-0.11
46,-0.12,Usage_Console,CyberThreat_FirewallSecurity,-0.08,-0.2
1371,-0.12,Sum_SecurityLevel,PastHelp_Colleague,0.23,0.11
1031,0.12,Uses_AnonService,FutureInfo_Press,-0.15,-0.03
1108,-0.12,Uses_CloudBackup,PastInfo_Press,0.2,0.08
51,-0.12,Usage_Console,CyberThreat_CyberCrimeJustice,0.13,0.01
52,-0.12,Usage_Console,Knows_ENISA,0.23,0.11
1024,-0.12,Uses_MailEncryption,PastVictim_Scareware,0.23,0.11
1111,-0.12,Uses_CloudBackup,PastInfo_Blog,0.29,0.17
1112,-0.12,Uses_CloudBackup,PastInfo_Newsletter,0.24,0.12
54,-0.12,Usage_Console,Knows_Kastel,0.28,0.16
57,-0.12,Usage_Console,Knows_DigDay,0.3,0.18
59,-0.12,Usage_Console,PastVictim_DDoS,0.29,0.17
1116,-0.12,Uses_SafeSearchEng,Knows_BSI,0.32,0.2
1009,-0.12,Uses_Spamfilter,Usage_MobilePhone,-0.03,-0.15
1006,-0.12,Uses_EncrMessenger,Uses_BackupMobile,0.38,0.26
1004,-0.12,Uses_EncrMessenger,FutureVictim_Scareware,0.13,0.01
1002,-0.12,Uses_EncrMessenger,FutureVictim_Sidechannel,0.16,0.04
1040,-0.12,Uses_VPN,PastVictim_SocEng,0.22,0.1
42,-0.12,Usage_SmartCar,RelInfo_CurrentSpamCampaigns,0.07,-0.05
1043,-0.12,Uses_VPN,PastHelp_Colleague,0.17,0.05
19,0.12,Usage_Smartphone,PastInfo_SecNewSites,0.01,0.13
3,-0.12,Usage_Laptop,FutureVictim_APT,0.19,0.07
1386,-0.12,Sum_Info_Width,FutureVictim_DDoS,0.24,0.12
1078,-0.12,Uses_AppUpdates,PastInfo_Fam,0.14,0.02
1077,-0.12,Uses_AppUpdates,FutureVictim_Scareware,0.09,-0.03
1072,-0.12,Uses_OSUpdates,PastInfo_Podcast,-0.01,-0.13
14,0.12,Usage_Laptop,FutureInfo_InstalledSoftware,-0.05,0.07
1068,0.12,Uses_OSUpdates,PastVictim_Scareware,-0.16,-0.04
1092,-0.12,Uses_Camcover,Uses_BackupMobile,0.2,0.08
18,-0.12,Usage_Smartphone,PastInfo_Press,0.08,-0.04
1062,-0.12,Uses_2FA,PastHelp_Influencer,0.13,0.01
41,-0.12,Usage_SmartCar,PastInfo_Radio,0.21,0.09
24,0.12,Usage_Tablet,FutureVictim_Ransomware,0.05,0.17
26,-0.12,Usage_SmartWatch,Degree,0.16,0.04
27,-0.12,Usage_SmartWatch,Usage_SmartHeater,0.34,0.22
1098,-0.12,Uses_DriveBackup,Usage_SmartWatch,0.17,0.05
1053,-0.12,Uses_PWManager,Uses_Camcover,0.15,0.03
31,-0.12,Usage_SmartWatch,PastVictim_Doxing,0.21,0.09
1376,-0.12,Sum_SecurityLevel,FutureVictim_Scareware,0.22,0.1
1049,-0.12,Uses_PWManager,Knows_CERTv,0.23,0.11
1375,-0.12,Sum_SecurityLevel,FutureVictim_ShopScam,0.16,0.04
1001,-0.12,Uses_EncrMessenger,PastHelp_Colleague,0.16,0.04
1364,-0.12,Sum_SecurityLevel,PastVictim_Spyware,0.2,0.08
920,-0.12,FutureVictim_Spyware,CyberThreat_Education,0.25,0.13
995,-0.12,Uses_FirewallMobile,Uses_BackupPC,0.37,0.25
1135,-0.12,PastInfo_School,Knows_CyberMonth,0.34,0.22
950,-0.12,FutureVictim_SocMedHack,FutureVictim_DDoS,0.66,0.54
1350,-0.12,Sum_Fear,PastHelp_PublicMed,0.26,0.14
948,-0.12,FutureVictim_SocEng,FutureVictim_Doxing,0.81,0.69
1136,-0.12,PastInfo_School,Knows_PWDay,0.32,0.2
1137,-0.12,PastInfo_School,Knows_DigDay,0.31,0.19
944,-0.12,FutureVictim_Doxing,FutureVictim_DDoS,0.64,0.52
943,-0.12,FutureVictim_Doxing,CyberThreat_CyberWar,0.18,0.06
104,-0.12,Usage_SmartSpeaker,PastInfo_Fam,0.19,0.07
1138,-0.12,PastInfo_School,Knows_CSECDay,0.3,0.18
1139,-0.12,PastInfo_School,PastHelp_IntExperts,0.3,0.18
804,-0.12,PastHelp_PrivateMed,Knows_PWDay,0.29,0.17
1140,-0.12,PastInfo_School,PastInfo_Fam,0.47,0.35
113,-0.12,CyberThreat_GERPreparedness,CyberThreat_GERCounterAttack,0.11,-0.01
114,-0.12,CyberThreat_SelfDefense,CyberThreat_Ignorance,-0.28,-0.4
930,-0.12,FutureVictim_Spyware,FutureInfo_Blog,0.11,-0.01
123,0.12,Knows_ENISA,Gender,-0.09,0.03
927,-0.12,FutureVictim_Spyware,FutureVictim_Doxing,0.68,0.56
1141,-0.12,PastInfo_School,FutureInfo_SoftwareSites,0.07,-0.05
1142,-0.12,PastInfo_School,FutureInfo_InstalledSoftware,-0.06,-0.18
923,-0.12,FutureVictim_Spyware,FutureVictim_CyBully,0.53,0.41
100,-0.12,Usage_SmartHeater,PastInfo_WarningApps,0.24,0.12
95,-0.12,Usage_SmartHeater,PastVictim_Doxing,0.33,0.21
958,-0.12,Uses_AntivirusMobile,Knows_CISPA,0.16,0.04
980,-0.12,Uses_BackupMobile,FutureVictim_CyStalk,0.22,0.1
992,-0.12,Uses_FirewallPC,FutureInfo_Radio,0.03,-0.09
72,-0.12,Usage_Console,PastInfo_InstalledSoftware,0.04,-0.08
73,-0.12,Usage_Console,Sum_SecurityLevel,0.13,0.01
1124,-0.12,Uses_SafeSearchEng,Uses_BackupMobile,0.29,0.17
987,-0.12,Uses_BackupMobile,Uses_AntivirusMobile,0.36,0.24
1360,-0.12,Sum_SecurityLevel,PastVictim_PerfTheft,0.19,0.07
1359,-0.12,Sum_SecurityLevel,Knows_CyberMonth,0.26,0.14
76,-0.12,Usage_SmartLights,PastHelp_PublicMed,0.23,0.11
983,-0.12,Uses_BackupMobile,FutureVictim_Phishing,0.19,0.07
981,-0.12,Uses_BackupMobile,FutureVictim_ShopScam,0.18,0.06
979,-0.12,Uses_BackupMobile,FutureVictim_CyBully,0.2,0.08
1131,-0.12,PastInfo_School,Knows_ENISA,0.31,0.19
82,-0.12,Usage_SmartHeater,Usage_Console,0.3,0.18
972,-0.12,Uses_BackupMobile,PastVictim_CyBully,0.14,0.02
88,-0.12,Usage_SmartHeater,Knows_CERTv,0.32,0.2
969,-0.12,Uses_BackupMobile,Usage_Laptop,0.16,0.04
90,-0.12,Usage_SmartHeater,PastVictim_DDoS,0.31,0.19
965,-0.12,Uses_BackupPC,FutureVictim_Scareware,0.17,0.05
964,-0.12,Uses_BackupPC,FutureVictim_Sidechannel,0.19,0.07
963,-0.12,Uses_BackupPC,PastVictim_Phishing,0.18,0.06
962,-0.12,Uses_AntivirusMobile,FutureVictim_SocMedHack,0.1,-0.02
960,-0.12,Uses_AntivirusMobile,FutureVictim_CyStalk,0.1,-0.02
106,-0.12,CyberThreat_Danger,CyberThreat_CyberCrimeJustice,0.03,-0.09
813,-0.12,PastHelp_PrivateMed,FutureVictim_SocMedHack,0.14,0.02
259,-0.12,Knows_Heise,Knows_ACS,0.46,0.34
640,-0.12,PastVictim_SocMedHack,Knows_CERTv,0.27,0.15
435,-0.12,PastVictim_CyBully,Knows_BSI,0.13,0.01
656,-0.12,PastHelp_BSI,CyberThreat_Uninformed,0.04,-0.08
1262,-0.12,RelInfo_CurrentSpamCampaigns,FutureVictim_SocEng,0.21,0.09
1206,0.12,PastInfo_SecSoftwareSites,CyberThreat_Ignorance,-0.16,-0.04
651,-0.12,PastVictim_SocMedHack,PastHelp_IntExperts,0.22,0.1
650,-0.12,PastVictim_SocMedHack,PastHelp_PCShop,0.18,0.06
649,-0.12,PastVictim_SocMedHack,PastHelp_EmployerIT,0.21,0.09
648,-0.12,PastVictim_SocMedHack,PastHelp_ConsOffice,0.16,0.04
440,-0.12,PastVictim_CyBully,PastHelp_PCShop,0.18,0.06
642,-0.12,PastVictim_SocMedHack,PastVictim_PerfTheft,0.5,0.38
639,-0.12,PastVictim_SocMedHack,Knows_CERTb,0.24,0.12
659,-0.12,PastHelp_BSI,CyberThreat_GERCounterAttack,0.16,0.04
451,-0.12,PastVictim_CyStalk,Knows_BKA,0.1,-0.02
635,-0.12,PastVictim_SocMedHack,Knows_Europol,0.19,0.07
631,-0.12,PastVictim_SocEng,PastInfo_Publication,0.29,0.17
459,-0.12,PastVictim_CyStalk,FutureVictim_DDoS,0.23,0.11
1212,-0.12,PastInfo_SecSoftwareSites,FutureVictim_Doxing,0.15,0.03
462,0.12,PastVictim_CyStalk,FutureInfo_TV,-0.09,0.03
464,-0.12,PastVictim_IDTheft,Knows_Europol,0.14,0.02
622,-0.12,PastVictim_SocEng,PastHelp_EmployerIT,0.28,0.16
1250,-0.12,FutureInfo_Radio,CyberThreat_Education,0.02,-0.1
619,-0.12,PastVictim_SocEng,PastVictim_ShopScam,0.5,0.38
658,-0.12,PastHelp_BSI,CyberThreat_FearCyberWar,0.16,0.04
1203,-0.12,PastInfo_SoftwareSites,FutureVictim_IDTheft,0.16,0.04
389,-0.12,PastVictim_APT,PastHelp_ConsOffice,0.22,0.1
413,-0.12,PastVictim_Sidechannel,PastVictim_APT,0.82,0.7
397,-0.12,PastVictim_APT,FutureVictim_Scareware,0.29,0.17
699,-0.12,PastHelp_Manuf,PastHelp_IntExperts,0.46,0.34
399,-0.12,PastVictim_APT,PastInfo_Fam,0.22,0.1
400,-0.12,PastVictim_APT,PastInfo_SecAgencySites,0.36,0.24
695,-0.12,PastHelp_Police,FutureVictim_Doxing,0.15,0.03
1,-0.12,Usage_Laptop,CyberThreat_Helpless,0.03,-0.09
403,-0.12,PastVictim_APT,PastInfo_WarningApps,0.29,0.17
405,-0.12,PastVictim_APT,FutureInfo_Podcast,0.08,-0.04
409,-0.12,PastVictim_Sidechannel,CyberThreat_CyberWar,0.13,0.01
685,-0.12,PastHelp_CERTl,FutureVictim_APT,0.22,0.1
418,-0.12,PastVictim_Sidechannel,PastVictim_Doxing,0.7,0.58
662,-0.12,PastHelp_BSI,Knows_Kastel,0.26,0.14
1197,-0.12,PastInfo_SecNewSites,FutureInfo_SecNewSites,0.39,0.27
681,-0.12,PastHelp_CERTl,Knows_MPI,0.29,0.17
1198,-0.12,PastInfo_SoftwareSites,Knows_Athene,0.33,0.21
679,-0.12,PastHelp_CERTl,Knows_ProPK,0.3,0.18
677,-0.12,PastHelp_CERTl,CyberThreat_CyberWar,0.13,0.01
427,-0.12,PastVictim_Spam,CyberThreat_Education,0.19,0.07
671,-0.12,PastHelp_BSI,FutureVictim_SocEng,0.13,0.01
1201,-0.12,PastInfo_SoftwareSites,FutureVictim_DDoS,0.16,0.04
668,-0.12,PastHelp_BSI,FutureVictim_Scareware,0.15,0.03
664,-0.12,PastHelp_BSI,FutureVictim_PerfTheft,0.18,0.06
618,-0.12,PastVictim_SocEng,PastVictim_IDTheft,0.57,0.45
617,-0.12,PastVictim_SocEng,PastVictim_Sidechannel,0.7,0.58
470,-0.12,PastVictim_IDTheft,PastHelp_PCShop,0.17,0.05
1228,-0.12,PastInfo_Messenger,Income,0.05,-0.07
572,-0.12,PastVictim_Phishing,PastInfo_Blog,0.31,0.19
516,-0.12,PastVictim_Scareware,PastHelp_PrivateMed,0.27,0.15
1225,0.12,PastInfo_Multimedia,FutureInfo_TV,-0.11,0.01
569,-0.12,PastVictim_Phishing,FutureVictim_Sidechannel,0.36,0.24
1226,-0.12,PastInfo_SocialMedia,CyberThreat_KnownWebsites,0.07,-0.05
566,-0.12,PastVictim_Phishing,PastVictim_IDTheft,0.55,0.43
565,-0.12,PastVictim_Phishing,PastVictim_CyStalk,0.5,0.38
563,-0.12,PastVictim_Phishing,PastVictim_APT,0.55,0.43
518,-0.12,PastVictim_Scareware,FutureVictim_CyStalk,0.29,0.17
520,-0.12,PastVictim_Scareware,PastInfo_SecAgencySites,0.25,0.13
557,-0.12,PastVictim_Phishing,Knows_CERTb,0.23,0.11
472,-0.12,PastVictim_IDTheft,PastInfo_SoftwareSites,0.21,0.09
527,-0.12,PastVictim_Spyware,CyberThreat_Education,0.18,0.06
554,-0.12,PastVictim_Phishing,Knows_HGI,0.31,0.19
528,-0.12,PastVictim_Spyware,CyberThreat_CyberWar,0.24,0.12
535,-0.12,PastVictim_Spyware,PastVictim_Doxing,0.61,0.49
551,-0.12,PastVictim_Phishing,CyberThreat_CyberCrimeJustice,0.1,-0.02
550,-0.12,PastVictim_Phishing,CyberThreat_LEACompetence,0.09,-0.03
1230,-0.12,PastInfo_Messenger,FutureVictim_SocMedHack,0.2,0.08
536,-0.12,PastVictim_Spyware,PastHelp_PCShop,0.21,0.09
537,-0.12,PastVictim_Spyware,PastHelp_PrivateMed,0.29,0.17
544,-0.12,PastVictim_Spyware,PastInfo_SecNewSites,0.28,0.16
514,-0.12,PastVictim_Scareware,PastHelp_EmployerIT,0.23,0.11
574,-0.12,PastVictim_Phishing,FutureInfo_SecAgencySites,0.08,-0.04
577,-0.12,PastVictim_Doxing,CyberThreat_CyberWar,0.15,0.03
503,-0.12,PastVictim_Scareware,Knows_PWDay,0.24,0.12
473,0.12,PastVictim_IDTheft,FutureInfo_Fam,-0.03,0.09
611,-0.12,PastVictim_SocEng,Knows_CERTv,0.38,0.26
1215,-0.12,PastInfo_MicroBlog,PastHelp_EmployerIT,0.29,0.17
605,-0.12,PastVictim_SocEng,Knows_HGI,0.43,0.31
478,-0.12,PastVictim_Ransomware,PastVictim_Phishing,0.43,0.31
602,-0.12,PastVictim_SocEng,Knows_Zitis,0.33,0.21
481,-0.12,PastVictim_Ransomware,PastHelp_Police,0.07,-0.05
1216,-0.12,PastInfo_MicroBlog,PastHelp_PCShop,0.22,0.1
1245,-0.12,FutureInfo_Publication,CyberThreat_Helpless,0.04,-0.08
484,-0.12,PastVictim_ShopScam,Knows_ENISA,0.22,0.1
597,-0.12,PastVictim_Doxing,FutureInfo_Podcast,0.15,0.03
1219,-0.12,PastInfo_MicroBlog,FutureVictim_Scareware,0.21,0.09
593,-0.12,PastVictim_Doxing,FutureVictim_Scareware,0.26,0.14
491,-0.12,PastVictim_ShopScam,PastInfo_SecNewSites,0.18,0.06
495,-0.12,PastVictim_Scareware,CyberThreat_CyberCrimeJustice,0.19,0.07
1221,-0.12,PastInfo_MicroBlog,FutureInfo_MicroBlog,0.2,0.08
496,-0.12,PastVictim_Scareware,Knows_CERTl,0.29,0.17
1222,-0.12,PastInfo_Multimedia,FutureVictim_DDoS,0.21,0.09
498,-0.12,PastVictim_Scareware,Knows_Zitis,0.27,0.15
1241,-0.12,PastInfo_InstalledSoftware,FutureVictim_SocMedHack,0.08,-0.04
395,-0.12,PastVictim_APT,FutureVictim_DDoS,0.28,0.16
430,-0.12,PastVictim_Spam,FutureVictim_IDTheft,0.27,0.15
751,-0.12,PastHelp_PCShop,Knows_BSI,0.14,0.02
1177,-0.12,PastInfo_Publication,FutureVictim_Doxing,0.18,0.06
1297,0.12,RelInfo_SecHomeNetwork,RelInfo_CurrentSpamCampaigns,0.29,0.41
300,-0.12,Knows_CSECDay,FutureVictim_APT,0.14,0.02
301,-0.12,Knows_CSECDay,FutureVictim_ShopScam,0.11,-0.01
757,-0.12,PastHelp_PCShop,Knows_HGI,0.17,0.05
305,-0.12,PastVictim_Virus,Knows_PWDay,0.18,0.06
1292,-0.12,RelInfo_SecAccounts,CyberThreat_SelfDefense,0.04,-0.08
753,-0.12,PastHelp_PCShop,Knows_Europol,0.16,0.04
1179,-0.12,PastInfo_Publication,FutureVictim_SocMedHack,0.1,-0.02
312,-0.12,PastVictim_Virus,FutureInfo_SecAgencySites,0.07,-0.05
313,-0.12,PastVictim_DDoS,CyberThreat_CyberWar,0.17,0.05
314,-0.12,PastVictim_DDoS,Knows_CODE,0.36,0.24
1291,-0.12,RelInfo_SecShopping,RelInfo_SecAccounts,0.69,0.57
745,-0.12,PastHelp_EmployerIT,FutureVictim_ShopScam,0.2,0.08
316,-0.12,PastVictim_DDoS,Knows_CERTv,0.37,0.25
320,-0.12,PastVictim_DDoS,PastHelp_Police,0.11,-0.01
325,-0.12,PastVictim_DDoS,FutureVictim_Sidechannel,0.3,0.18
327,-0.12,PastVictim_DDoS,FutureVictim_Scareware,0.27,0.15
739,-0.12,PastHelp_EmployerIT,PastHelp_ConsOffice,0.39,0.27
763,-0.12,PastHelp_PCShop,Knows_CyberMonth,0.19,0.07
765,-0.12,PastHelp_PCShop,Knows_DigDay,0.19,0.07
737,-0.12,PastHelp_EmployerIT,Knows_CyberMonth,0.25,0.13
766,-0.12,PastHelp_PCShop,Knows_CSECDay,0.19,0.07
802,-0.12,PastHelp_PrivateMed,Knows_ACS,0.33,0.21
800,-0.12,PastHelp_PrivateMed,Knows_CODE,0.34,0.22
798,-0.12,PastHelp_PrivateMed,CyberThreat_Uninformed,0.03,-0.09
1305,0.12,RelInfo_SecSocialMedia,PastInfo_SecAgencySites,-0.04,0.08
793,-0.12,PastHelp_PublicMed,FutureVictim_IDTheft,0.18,0.06
269,-0.12,Knows_PWDay,CyberThreat_Danger,0.14,0.02
272,-0.12,Knows_PWDay,Knows_BSI,0.46,0.34
274,-0.12,Knows_PWDay,Knows_CISPA,0.4,0.28
784,-0.12,PastHelp_PublicMed,PastHelp_Police,0.29,0.17
779,-0.12,PastHelp_PCShop,FutureVictim_ShopScam,0.11,-0.01
778,-0.12,PastHelp_PCShop,FutureVictim_Ransomware,0.14,0.02
1300,0.12,RelInfo_SecSmartHome,FutureInfo_MicroBlog,-0.07,0.05
288,-0.12,Knows_DigDay,Knows_BSI,0.4,0.28
774,-0.12,PastHelp_PCShop,FutureVictim_Spam,0.11,-0.01
291,-0.12,Knows_DigDay,FutureVictim_Scareware,0.15,0.03
292,-0.12,Knows_DigDay,FutureVictim_Doxing,0.16,0.04
770,-0.12,PastHelp_PCShop,FutureVictim_DDoS,0.18,0.06
768,-0.12,PastHelp_PCShop,PastHelp_IntExperts,0.44,0.32
296,-0.12,Knows_CSECDay,Knows_Athene,0.58,0.46
738,-0.12,PastHelp_EmployerIT,Knows_PWDay,0.25,0.13
1232,-0.12,PastInfo_Messenger,FutureInfo_Messenger,0.25,0.13
717,-0.12,PastHelp_Provider,FutureVictim_Phishing,0.16,0.04
718,-0.12,PastHelp_Provider,FutureVictim_SocMedHack,0.14,0.02
1278,-0.12,RelInfo_DataBreakdown,FutureVictim_SocMedHack,0.17,0.05
731,-0.12,PastHelp_EmployerIT,Knows_BKA,0.2,0.08
727,-0.12,PastHelp_ConsOffice,FutureVictim_Phishing,0.16,0.04
334,-0.12,PastVictim_DDoS,PastInfo_Publication,0.32,0.2
1275,-0.12,RelInfo_ImportantUpdate,FutureVictim_SocEng,0.14,0.02
331,-0.12,PastVictim_DDoS,FutureVictim_SocEng,0.23,0.11
338,-0.12,PastVictim_PerfTheft,CyberThreat_CyberCrimeJustice,0.28,0.16
330,-0.12,PastVictim_DDoS,FutureVictim_Doxing,0.28,0.16
724,-0.12,PastHelp_ConsOffice,FutureVictim_APT,0.17,0.05
1280,-0.12,RelInfo_BestPractice,PastVictim_CyBully,0.08,-0.04
1284,-0.12,RelInfo_SecBanking,Gender,0.13,0.01
335,-0.12,PastVictim_DDoS,PastInfo_Newsletter,0.28,0.16
1285,0.12,RelInfo_SecBanking,PastHelp_Police,0.05,0.17
1342,-0.11,Sum_Fear,PastVictim_Spam,0.28,0.17
1223,-0.11,PastInfo_Multimedia,FutureVictim_SocMedHack,0.25,0.14
1238,-0.11,PastInfo_Podcast,FutureInfo_SocialMedia,0.09,-0.02
1102,-0.11,Uses_DriveBackup,PastInfo_InstalledSoftware,0.36,0.25
1164,-0.11,PastInfo_Press,FutureVictim_DDoS,0.19,0.08
1299,-0.11,RelInfo_SecHomeNetwork,RelInfo_SecAccounts,0.6,0.49
1103,-0.11,Uses_CloudBackup,Usage_Laptop,0.16,0.05
1239,-0.11,PastInfo_InstalledSoftware,FutureVictim_Sidechannel,0.15,0.04
1134,-0.11,PastInfo_School,Knows_CODE,0.29,0.18
1190,-0.11,PastInfo_SecNewSites,Knows_HGI,0.37,0.26
1240,-0.11,PastInfo_InstalledSoftware,FutureVictim_Phishing,0.09,-0.02
1282,-0.11,RelInfo_BestPractice,FutureVictim_SocMedHack,0.21,0.1
1319,-0.11,Sum_institution_knowledge,CyberThreat_Uninformed,-0.1,-0.21
1106,-0.11,Uses_CloudBackup,Uses_Camcover,0.2,0.09
1149,-0.11,PastInfo_Fam,Knows_Kastel,0.23,0.12
1107,-0.11,Uses_CloudBackup,PastInfo_School,0.29,0.18
1269,-0.11,RelInfo_SecGap,FutureVictim_Scareware,0.16,0.05
1283,0.11,RelInfo_BestPractice,FutureInfo_Press,-0.09,0.02
1242,-0.11,FutureInfo_Publication,CyberThreat_Risk4Individual,0.05,-0.06
1322,-0.11,Sum_institution_knowledge,PastHelp_Colleague,0.25,0.14
1281,-0.11,RelInfo_BestPractice,PastVictim_CyStalk,0.07,-0.04
1302,0.11,RelInfo_SecSmartHome,RelInfo_RecHelp,0.29,0.4
1166,-0.11,PastInfo_Press,FutureVictim_SocMedHack,0.14,0.03
1099,-0.11,Uses_DriveBackup,Knows_Athene,0.19,0.08
1387,-0.11,Sum_Info_Width,FutureVictim_SocMedHack,0.19,0.08
1148,-0.11,PastInfo_Fam,Knows_CODE,0.22,0.11
1086,-0.11,Uses_Camcover,FutureVictim_PerfTheft,0.13,0.02
1234,-0.11,PastInfo_Newsletter,FutureVictim_DDoS,0.13,0.02
1309,0.11,RelInfo_Checklist,Knows_Heise,-0.02,0.09
1385,-0.11,Sum_Info_Width,Knows_Athene,0.42,0.31
1382,-0.11,Sum_SecurityLevel,PastInfo_Multimedia,0.27,0.16
1381,-0.11,Sum_SecurityLevel,PastInfo_School,0.31,0.2
1231,0.11,PastInfo_Messenger,FutureInfo_TV,-0.05,0.06
1308,-0.11,RelInfo_SecDevice,Knows_Zitis,-0.02,-0.13
1338,-0.11,Sum_Fear,Knows_MPI,0.18,0.07
1094,-0.11,Uses_Camcover,PastInfo_WarningApps,0.21,0.1
1236,0.11,PastInfo_Newsletter,FutureInfo_TV,-0.07,0.04
1192,-0.11,PastInfo_SecNewSites,Knows_Kastel,0.35,0.24
1341,-0.11,Sum_Fear,PastVictim_APT,0.31,0.2
1096,-0.11,Uses_Camcover,Sum_SecurityLevel,0.47,0.36
1145,-0.11,PastInfo_Fam,Knows_CERTl,0.22,0.11
1227,0.11,PastInfo_SocialMedia,FutureVictim_CyBully,0.19,0.3
1377,-0.11,Sum_SecurityLevel,FutureVictim_Phishing,0.14,0.03
1303,-0.11,RelInfo_SecEmail,PastVictim_Sidechannel,-0.05,-0.16
1188,-0.11,PastInfo_SecNewSites,Knows_ENISA,0.37,0.26
1301,0.11,RelInfo_SecSmartHome,RelInfo_Checklist,0.25,0.36
1110,-0.11,Uses_CloudBackup,PastInfo_SecNewSites,0.29,0.18
1218,-0.11,PastInfo_MicroBlog,FutureVictim_Sidechannel,0.23,0.12
1152,-0.11,PastInfo_Fam,Knows_CyberMonth,0.24,0.13
1253,-0.11,RelInfo_CurrentSpamCampaigns,PastVictim_PerfTheft,0.01,-0.1
1266,0.11,RelInfo_NewMalware,PastInfo_Press,0.1,0.21
1211,-0.11,PastInfo_SecSoftwareSites,FutureVictim_CyStalk,0.17,0.06
1254,-0.11,RelInfo_CurrentSpamCampaigns,PastVictim_Sidechannel,0.04,-0.07
1358,-0.11,Sum_SecurityLevel,Knows_Athene,0.26,0.15
1255,-0.11,RelInfo_CurrentSpamCampaigns,PastVictim_Doxing,0.06,-0.05
1156,-0.11,PastInfo_Fam,PastHelp_BSI,0.18,0.07
1356,-0.11,Sum_Fear,FutureInfo_Publication,0.08,-0.03
1125,-0.11,Uses_SafeSearchEng,Uses_EncrMessenger,0.38,0.27
1355,-0.11,Sum_Fear,PastInfo_Publication,0.26,0.15
1126,-0.11,Uses_SafeSearchEng,Uses_2FA,0.31,0.2
1185,-0.11,PastInfo_SecAgencySites,Knows_ENISA,0.42,0.31
1329,-0.11,Sum_Victim,PastHelp_PCShop,0.15,0.04
1259,-0.11,RelInfo_CurrentSpamCampaigns,PastHelp_Colleague,0.15,0.04
1260,-0.11,RelInfo_CurrentSpamCampaigns,FutureVictim_CyBully,0.17,0.06
1261,-0.11,RelInfo_CurrentSpamCampaigns,FutureVictim_CyStalk,0.17,0.06
1208,-0.11,PastInfo_SecSoftwareSites,FutureVictim_PerfTheft,0.17,0.06
1353,-0.11,Sum_Fear,PastHelp_Family,0.19,0.08
1183,-0.11,PastInfo_Radio,PastInfo_MicroBlog,0.33,0.22
1154,-0.11,PastInfo_Fam,Knows_DigDay,0.24,0.13
1130,-0.11,PastInfo_School,CyberThreat_InformationSource,0.16,0.05
1330,-0.11,Sum_Victim,PastHelp_IntExperts,0.23,0.12
1264,-0.11,RelInfo_NewMalware,FutureVictim_Doxing,0.16,0.05
1184,-0.11,PastInfo_Radio,FutureInfo_SocialMedia,0.03,-0.08
1132,-0.11,PastInfo_School,Knows_BKA,0.22,0.11
1263,-0.11,RelInfo_CurrentSpamCampaigns,PastInfo_MicroBlog,0.09,-0.02
1333,-0.11,Sum_Fear,CyberThreat_Education,0.23,0.12
1310,0.11,RelInfo_Tutorial,Knows_Heise,-0.09,0.02
1123,-0.11,Uses_SafeSearchEng,PastHelp_EmployerIT,0.26,0.15
1368,-0.11,Sum_SecurityLevel,PastHelp_CERTl,0.23,0.12
1286,-0.11,RelInfo_SecBanking,RelInfo_SecAccounts,0.6,0.49
1351,-0.11,Sum_Fear,PastHelp_Forum,0.3,0.19
1113,-0.11,Uses_CloudBackup,Sum_Info_Width,0.36,0.25
1114,-0.11,Uses_SafeSearchEng,CyberThreat_SelfDefense,0.22,0.11
1187,0.11,PastInfo_SecAgencySites,FutureInfo_Multimedia,-0.06,0.05
1199,-0.11,PastInfo_SoftwareSites,Knows_CERTv,0.34,0.23
1115,-0.11,Uses_SafeSearchEng,Knows_ENISA,0.35,0.24
1295,0.11,RelInfo_SecHomeNetwork,Knows_Heise,-0.04,0.07
1246,-0.11,FutureInfo_Publication,FutureInfo_Press,0.09,-0.02
1324,-0.11,Sum_institution_knowledge,Sum_Fear,0.29,0.18
1268,-0.11,RelInfo_SecGap,FutureVictim_CyBully,0.09,-0.02
1117,-0.11,Uses_SafeSearchEng,Knows_BKA,0.2,0.09
1214,-0.11,PastInfo_MicroBlog,CyberThreat_KnownWebsites,0.05,-0.06
1252,0.11,FutureInfo_WarningApps,FutureInfo_MicroBlog,-0.08,0.03
1267,-0.11,RelInfo_SecGap,FutureVictim_PerfTheft,0.14,0.03
1326,-0.11,Sum_Victim,PastVictim_DDoS,0.49,0.38
1366,-0.11,Sum_SecurityLevel,PastVictim_SocEng,0.19,0.08
1161,-0.11,PastInfo_Fam,FutureVictim_PerfTheft,0.18,0.07
1119,-0.11,Uses_SafeSearchEng,Knows_HGI,0.35,0.24
1120,-0.11,Uses_SafeSearchEng,Knows_Kastel,0.33,0.22
1365,-0.11,Sum_SecurityLevel,PastVictim_Phishing,0.18,0.07
1271,-0.11,RelInfo_SecGap,FutureVictim_SocEng,0.18,0.07
1328,-0.11,Sum_Victim,PastVictim_SocMedHack,0.53,0.42
1186,-0.11,PastInfo_SecAgencySites,FutureVictim_APT,0.21,0.1
1251,-0.11,FutureInfo_WarningApps,FutureInfo_Press,-0.06,-0.17
1202,-0.11,PastInfo_SoftwareSites,FutureVictim_CyStalk,0.19,0.08
0,-0.11,Usage_Laptop,CyberThreat_Uninformed,0.04,-0.07
1084,-0.11,Uses_Camcover,Usage_SmartSpeaker,0.1,-0.01
342,-0.11,PastVictim_PerfTheft,Knows_MPI,0.28,0.17
310,-0.11,PastVictim_Virus,FutureVictim_Virus,0.37,0.26
315,-0.11,PastVictim_DDoS,Knows_CERTb,0.32,0.21
322,-0.11,PastVictim_DDoS,PastHelp_ConsOffice,0.18,0.07
329,-0.11,PastVictim_DDoS,FutureVictim_Phishing,0.23,0.12
333,-0.11,PastVictim_DDoS,PastInfo_Fam,0.21,0.1
340,-0.11,PastVictim_PerfTheft,Knows_Athene,0.39,0.28
341,-0.11,PastVictim_PerfTheft,Knows_Kastel,0.44,0.33
344,-0.11,PastVictim_PerfTheft,Knows_DigDay,0.41,0.3
1080,-0.11,Uses_AppUpdates,PastInfo_Podcast,0.03,-0.08
345,-0.11,PastVictim_PerfTheft,Knows_CSECDay,0.39,0.28
353,-0.11,PastVictim_PerfTheft,FutureVictim_IDTheft,0.23,0.12
356,-0.11,PastVictim_PerfTheft,FutureVictim_Phishing,0.15,0.04
357,-0.11,PastVictim_PerfTheft,FutureVictim_Doxing,0.26,0.15
358,-0.11,PastVictim_PerfTheft,FutureVictim_SocMedHack,0.2,0.09
360,-0.11,PastVictim_PerfTheft,PastInfo_Radio,0.26,0.15
362,-0.11,PastVictim_APT,Degree,0.16,0.05
309,-0.11,PastVictim_Virus,PastHelp_IntExperts,0.18,0.07
304,-0.11,PastVictim_Virus,Degree,0.1,-0.01
303,-0.11,Knows_CSECDay,FutureVictim_SocEng,0.13,0.02
298,-0.11,Knows_CSECDay,FutureVictim_Virus,0.04,-0.07
256,-0.11,Knows_Heise,CyberThreat_Danger,0.14,0.03
257,-0.11,Knows_Heise,Knows_Athene,0.44,0.33
260,-0.11,Knows_Heise,Knows_CERTb,0.57,0.46
264,-0.11,Knows_CyberMonth,CyberThreat_KnownWebsites,0.09,-0.02
266,-0.11,Knows_CyberMonth,Knows_BKA,0.26,0.15
267,-0.11,Knows_CyberMonth,Knows_Athene,0.63,0.52
268,0.11,Knows_PWDay,Age,-0.21,-0.1
270,-0.11,Knows_PWDay,CyberThreat_Uninformed,-0.04,-0.15
275,-0.11,Knows_PWDay,Knows_ACS,0.52,0.41
279,-0.11,Knows_PWDay,FutureVictim_Sidechannel,0.1,-0.01
285,-0.11,Knows_PWDay,FutureInfo_Fam,0.02,-0.09
286,-0.11,Knows_DigDay,CyberThreat_Danger,0.12,0.01
287,-0.11,Knows_DigDay,CyberThreat_CyberCrimeJustice,0.22,0.11
293,-0.11,Knows_DigDay,FutureInfo_Podcast,0.09,-0.02
297,-0.11,Knows_CSECDay,Knows_CERTv,0.59,0.48
363,-0.11,PastVictim_APT,CyberThreat_Danger,0.16,0.05
365,-0.11,PastVictim_APT,CyberThreat_InformationSource,0.2,0.09
369,-0.11,PastVictim_APT,Knows_Europol,0.2,0.09
452,-0.11,PastVictim_CyStalk,Knows_Europol,0.16,0.05
458,-0.11,PastVictim_CyStalk,PastHelp_IntExperts,0.28,0.17
460,-0.11,PastVictim_CyStalk,FutureVictim_SocMedHack,0.23,0.12
468,-0.11,PastVictim_IDTheft,PastVictim_Doxing,0.55,0.44
469,-0.11,PastVictim_IDTheft,PastHelp_EmployerIT,0.24,0.13
474,-0.11,PastVictim_Ransomware,Knows_CISPA,0.14,0.03
476,-0.11,PastVictim_Ransomware,PastVictim_DDoS,0.35,0.24
482,-0.11,PastVictim_Ransomware,PastHelp_EmployerIT,0.14,0.03
492,-0.11,PastVictim_ShopScam,FutureInfo_SecNewSites,0.05,-0.06
493,-0.11,PastVictim_ShopScam,FutureInfo_Messenger,0.14,0.03
494,0.11,PastVictim_Scareware,Age,-0.15,-0.04
499,-0.11,PastVictim_Scareware,Knows_CISPA,0.25,0.14
500,-0.11,PastVictim_Scareware,Knows_CODE,0.32,0.21
508,-0.11,PastVictim_Scareware,PastVictim_CyStalk,0.45,0.34
454,-0.11,PastVictim_CyStalk,PastVictim_CyBully,0.64,0.53
450,-0.11,PastVictim_CyStalk,Knows_BSI,0.15,0.04
380,-0.11,PastVictim_APT,Knows_CERTv,0.46,0.35
448,-0.11,PastVictim_CyStalk,CyberThreat_Education,0.15,0.04
386,-0.11,PastVictim_APT,PastHelp_CERTl,0.41,0.3
388,-0.11,PastVictim_APT,PastHelp_Manuf,0.23,0.12
402,-0.11,PastVictim_APT,PastInfo_SoftwareSites,0.28,0.17
410,-0.11,PastVictim_Sidechannel,Knows_BSI,0.23,0.12
422,-0.11,PastVictim_Sidechannel,FutureVictim_Scareware,0.31,0.2
426,-0.11,PastVictim_Sidechannel,FutureInfo_SoftwareSites,0.02,-0.09
432,-0.11,PastVictim_Spam,PastInfo_InstalledSoftware,0.09,-0.02
433,-0.11,PastVictim_CyBully,CyberThreat_Danger,0.12,0.01
436,-0.11,PastVictim_CyBully,Knows_Europol,0.17,0.06
437,-0.11,PastVictim_CyBully,Knows_MPI,0.18,0.07
438,-0.11,PastVictim_CyBully,Knows_PWDay,0.24,0.13
441,-0.11,PastVictim_CyBully,PastHelp_PublicMed,0.3,0.19
443,-0.11,PastVictim_CyBully,PastInfo_SecAgencySites,0.23,0.12
445,-0.11,PastVictim_CyBully,FutureInfo_Messenger,0.09,-0.02
447,-0.11,PastVictim_CyStalk,CyberThreat_Danger,0.12,0.01
250,-0.11,Knows_CERTv,CyberThreat_Risk4Individual,0.04,-0.07
244,-0.11,Knows_CERTb,Knows_BSI,0.51,0.4
53,-0.11,Usage_Console,Knows_BKA,0.1,-0.01
62,-0.11,Usage_Console,PastVictim_Spyware,0.24,0.13
63,-0.11,Usage_Console,PastVictim_Phishing,0.24,0.13
64,-0.11,Usage_Console,PastHelp_ConsOffice,0.06,-0.05
65,-0.11,Usage_Console,PastHelp_EmployerIT,0.23,0.12
67,-0.11,Usage_Console,PastHelp_PublicMed,0.15,0.04
68,-0.11,Usage_Console,PastHelp_PrivateMed,0.19,0.08
69,-0.11,Usage_Console,PastHelp_IntExperts,0.2,0.09
71,-0.11,Usage_Console,PastInfo_Newsletter,0.1,-0.01
74,-0.11,Usage_SmartLights,Usage_Console,0.37,0.26
77,-0.11,Usage_SmartLights,PastHelp_Family,0.05,-0.06
78,-0.11,Usage_SmartLights,PastInfo_Multimedia,0.29,0.18
80,-0.11,Usage_SmartLights,FutureInfo_SoftwareSites,0.09,-0.02
87,-0.11,Usage_SmartHeater,Knows_CODE,0.34,0.23
61,-0.11,Usage_Console,PastVictim_Scareware,0.25,0.14
47,-0.11,Usage_Console,CyberThreat_KnownWebsites,-0.01,-0.12
44,-0.11,Usage_SmartTV,PastVictim_Spam,0.1,-0.01
2,-0.11,Usage_Laptop,Knows_ACS,0.2,0.09
5,-0.11,Usage_Laptop,FutureVictim_Scareware,0.17,0.06
6,-0.11,Usage_Laptop,FutureVictim_Spyware,0.12,0.01
7,-0.11,Usage_Laptop,FutureVictim_Doxing,0.15,0.04
9,-0.11,Usage_Laptop,PastInfo_School,0.23,0.12
10,0.11,Usage_Laptop,PastInfo_SecNewSites,0.14,0.25
11,-0.11,Usage_Laptop,PastInfo_Multimedia,0.15,0.04
13,-0.11,Usage_Laptop,FutureInfo_Publication,0.09,-0.02
17,-0.11,Usage_Smartphone,PastInfo_Fam,0.15,0.04
28,-0.11,Usage_SmartWatch,CyberThreat_GERPreparedness,0.14,0.03
29,-0.11,Usage_SmartWatch,Knows_CISPA,0.13,0.02
34,-0.11,Usage_SmartWatch,PastInfo_Press,0.16,0.05
35,-0.11,Usage_SmartWatch,FutureInfo_Fam,0.05,-0.06
37,-0.11,Usage_SmartCar,CyberThreat_CyberCrimeJustice,0.15,0.04
38,-0.11,Usage_SmartCar,PastVictim_DDoS,0.34,0.23
94,-0.11,Usage_SmartHeater,PastVictim_ShopScam,0.26,0.15
98,-0.11,Usage_SmartHeater,PastHelp_PrivateMed,0.27,0.16
240,-0.11,Knows_MPI,FutureVictim_Phishing,0.04,-0.07
169,-0.11,Knows_ProPK,Knows_CERTb,0.49,0.38
173,-0.11,Knows_Zitis,CyberThreat_FearCyberWar,0.12,0.01
184,-0.11,Knows_Zitis,Knows_CERTb,0.59,0.48
190,-0.11,Knows_Zitis,FutureVictim_SocMedHack,0.06,-0.05
198,-0.11,Knows_CISPA,Knows_ACS,0.47,0.36
201,-0.11,Knows_HGI,CyberThreat_InformationSource,0.23,0.12
209,-0.11,Knows_HGI,FutureVictim_DDoS,0.13,0.02
213,-0.11,Knows_CODE,Knows_Athene,0.65,0.54
215,-0.11,Knows_CODE,Knows_CERTb,0.62,0.51
217,-0.11,Knows_Kastel,CyberThreat_InformationSource,0.25,0.14
222,-0.11,Knows_Kastel,Knows_CAZ,0.55,0.44
229,-0.11,Knows_Kastel,Knows_CyberMonth,0.65,0.54
234,-0.11,Knows_MPI,Knows_CERTb,0.48,0.37
235,-0.11,Knows_MPI,Knows_CERTv,0.51,0.4
172,-0.11,Knows_Zitis,CyberThreat_InformationSource,0.31,0.2
165,-0.11,Knows_ProPK,Knows_CERTl,0.52,0.41
101,-0.11,Usage_SmartHeater,FutureInfo_Multimedia,0.08,-0.03
161,0.11,Knows_Europol,FutureInfo_SecAgencySites,0.01,0.12
103,-0.11,Usage_SmartSpeaker,Usage_SmartHeater,0.39,0.28
107,-0.11,CyberThreat_KnownWebsites,CyberThreat_GERCounterAttack,0.1,-0.01
108,-0.11,CyberThreat_Risk4Individual,CyberThreat_KnownWebsites,0.22,0.11
111,-0.11,CyberThreat_GERPreparedness,CyberThreat_CyberWar,-0.09,-0.2
120,-0.11,CyberThreat_GERCounterAttack,CyberThreat_FirewallSecurity,0.14,0.03
124,-0.11,Knows_ENISA,CyberThreat_Danger,0.13,0.02
126,-0.11,Knows_ENISA,Knows_CERTl,0.6,0.49
127,-0.11,Knows_ENISA,Knows_Athene,0.61,0.5
128,-0.11,Knows_ENISA,Knows_ACS,0.59,0.48
135,-0.11,Knows_BSI,CyberThreat_FearCyberWar,0.12,0.01
136,-0.11,Knows_BSI,Knows_BKA,0.51,0.4
138,-0.11,Knows_BSI,Knows_ACS,0.43,0.32
140,-0.11,Knows_BKA,CyberThreat_Uninformed,-0.02,-0.13
144,-0.11,Knows_BKA,FutureVictim_CyBully,0.04,-0.07
145,0.11,Knows_CERTl,Gender,-0.14,-0.03
513,-0.11,PastVictim_Scareware,PastHelp_Manuf,0.16,0.05
517,-0.11,PastVictim_Scareware,PastHelp_Forum,0.14,0.03
522,0.11,PastVictim_Scareware,FutureInfo_Fam,-0.01,0.1
925,-0.11,FutureVictim_Spyware,FutureVictim_Scareware,0.7,0.59
939,-0.11,FutureVictim_Doxing,CyberThreat_KnownWebsites,0.08,-0.03
941,0.11,FutureVictim_Doxing,CyberThreat_Uninformed,0.11,0.22
945,0.11,FutureVictim_Doxing,FutureInfo_Fam,-0.06,0.05
946,-0.11,FutureVictim_Doxing,FutureInfo_Publication,0.06,-0.05
951,-0.11,FutureVictim_SocMedHack,FutureVictim_Sidechannel,0.67,0.56
954,-0.11,Uses_AntivirusPC,PastHelp_IntExperts,0.05,-0.06
956,-0.11,Uses_AntivirusPC,FutureVictim_Ransomware,0.05,-0.06
957,-0.11,Uses_AntivirusMobile,Knows_Zitis,0.17,0.06
961,-0.11,Uses_AntivirusMobile,FutureVictim_SocEng,0.12,0.01
970,-0.11,Uses_BackupMobile,CyberThreat_GERCounterAttack,0.07,-0.04
971,-0.11,Uses_BackupMobile,PastVictim_APT,0.17,0.06
974,-0.11,Uses_BackupMobile,PastVictim_Phishing,0.18,0.07
975,-0.11,Uses_BackupMobile,PastHelp_PublicMed,0.2,0.09
977,-0.11,Uses_BackupMobile,FutureVictim_PerfTheft,0.2,0.09
935,0.11,FutureVictim_Phishing,FutureInfo_Fam,-0.07,0.04
924,-0.11,FutureVictim_Spyware,FutureVictim_Ransomware,0.67,0.56
989,0.11,Uses_FirewallPC,CyberThreat_Ignorance,-0.14,-0.03
922,-0.11,FutureVictim_Spyware,FutureVictim_PerfTheft,0.65,0.54
860,-0.11,PastHelp_Colleague,Knows_Europol,0.2,0.09
861,-0.11,PastHelp_Colleague,Knows_Athene,0.16,0.05
873,-0.11,FutureVictim_Virus,FutureInfo_SecSoftwareSites,0.04,-0.07
874,0.11,FutureVictim_Virus,FutureInfo_WarningApps,-0.02,0.09
887,-0.11,FutureVictim_APT,CyberThreat_GERCounterAttack,0.15,0.04
896,-0.11,FutureVictim_CyBully,CyberThreat_FirewallSecurity,0.01,-0.1
897,-0.11,FutureVictim_CyBully,CyberThreat_Risk4Individual,0.17,0.06
898,-0.11,FutureVictim_CyBully,CyberThreat_CyberWar,0.14,0.03
910,-0.11,FutureVictim_ShopScam,CyberThreat_CyberWar,0.19,0.08
913,0.11,FutureVictim_ShopScam,FutureInfo_WarningApps,-0.03,0.08
917,-0.11,FutureVictim_Scareware,FutureVictim_DDoS,0.66,0.55
919,-0.11,FutureVictim_Scareware,FutureInfo_SoftwareSites,0.06,-0.05
988,-0.11,Uses_BackupMobile,PastInfo_Fam,0.25,0.14
994,-0.11,Uses_FirewallMobile,PastHelp_Colleague,0.16,0.05
856,-0.11,PastHelp_Colleague,CyberThreat_Uninformed,0.13,0.02
1042,-0.11,Uses_VPN,PastHelp_IntExperts,0.2,0.09
1045,-0.11,Uses_VPN,Uses_FileEncryption,0.53,0.42
1048,-0.11,Uses_PWManager,Knows_CERTl,0.23,0.12
1051,-0.11,Uses_PWManager,PastVictim_CyBully,0.17,0.06
1055,-0.11,Uses_2FA,PastVictim_Virus,0.13,0.02
1056,-0.11,Uses_2FA,PastVictim_PerfTheft,0.1,-0.01
1059,-0.11,Uses_2FA,PastHelp_Manuf,0.19,0.08
1060,-0.11,Uses_2FA,PastHelp_PublicMed,0.13,0.02
1063,-0.11,Uses_2FA,PastInfo_InstalledSoftware,0.35,0.24
1065,0.11,Uses_OSUpdates,Income,0.05,0.16
1067,-0.11,Uses_OSUpdates,CyberThreat_Uninformed,-0.03,-0.14
1069,-0.11,Uses_OSUpdates,Uses_EncrMessenger,0.23,0.12
1071,-0.11,Uses_OSUpdates,PastInfo_Publication,0.15,0.04
1074,-0.11,Uses_AppUpdates,PastVictim_Spyware,0.02,-0.09
1076,-0.11,Uses_AppUpdates,PastHelp_Influencer,-0.01,-0.12
1079,-0.11,Uses_AppUpdates,PastInfo_Multimedia,0.1,-0.01
1044,-0.11,Uses_VPN,Uses_Spamfilter,0.3,0.19
1038,-0.11,Uses_VPN,PastVictim_Scareware,0.19,0.08
998,-0.11,Uses_FirewallMobile,PastInfo_SoftwareSites,0.3,0.19
1036,-0.11,Uses_VPN,PastVictim_IDTheft,0.16,0.05
999,-0.11,Uses_FirewallMobile,RelInfo_NewMalware,0.26,0.15
1000,-0.11,Uses_EncrMessenger,Knows_Zitis,0.24,0.13
1007,-0.11,Uses_EncrMessenger,Uses_AppUpdates,0.27,0.16
1008,-0.11,Uses_EncrMessenger,Sum_SecurityLevel,0.6,0.49
1012,-0.11,Uses_Spamfilter,PastHelp_Influencer,-0.05,-0.16
1013,-0.11,Uses_Spamfilter,PastHelp_Self,0.18,0.07
1016,-0.11,Uses_Spamfilter,FutureVictim_CyStalk,0.01,-0.1
1018,-0.11,Uses_Spamfilter,Uses_EncrMessenger,0.21,0.1
1021,-0.11,Uses_Spamfilter,Uses_AnonService,0.21,0.1
1022,-0.11,Uses_FileEncryption,FutureVictim_APT,0.21,0.1
1025,-0.11,Uses_MailEncryption,FutureVictim_Doxing,0.21,0.1
1028,-0.11,Uses_MailEncryption,Uses_AppUpdates,0.18,0.07
1030,0.11,Uses_AnonService,CyberThreat_Ignorance,-0.2,-0.09
1032,-0.11,Uses_AnonService,Sum_SecurityLevel,0.63,0.52
1034,-0.11,Uses_VPN,PastVictim_PerfTheft,0.2,0.09
857,-0.11,PastHelp_Colleague,CyberThreat_CyberWar,0.14,0.03
855,0.11,PastHelp_Colleague,Age,-0.27,-0.16
526,-0.11,PastVictim_Spyware,CyberThreat_SelfDefense,0.06,-0.05
598,-0.11,PastVictim_SocEng,Degree,0.13,0.02
610,-0.11,PastVictim_SocEng,Knows_CERTb,0.34,0.23
612,-0.11,PastVictim_SocEng,Knows_CyberMonth,0.4,0.29
624,-0.11,PastVictim_SocEng,PastHelp_PublicMed,0.34,0.23
627,-0.11,PastVictim_SocEng,FutureVictim_Sidechannel,0.34,0.23
632,0.11,PastVictim_SocEng,FutureInfo_Fam,-0.04,0.07
633,-0.11,PastVictim_SocMedHack,CyberThreat_CyberWar,0.12,0.01
634,-0.11,PastVictim_SocMedHack,Knows_BSI,0.13,0.02
646,-0.11,PastVictim_SocMedHack,PastHelp_BSI,0.16,0.05
647,-0.11,PastVictim_SocMedHack,PastHelp_Manuf,0.19,0.08
652,-0.11,PastVictim_SocMedHack,FutureVictim_CyStalk,0.37,0.26
657,-0.11,PastHelp_BSI,CyberThreat_CyberWar,0.13,0.02
660,-0.11,PastHelp_BSI,Knows_Zitis,0.31,0.2
661,-0.11,PastHelp_BSI,Knows_Athene,0.27,0.16
667,-0.11,PastHelp_BSI,FutureVictim_Ransomware,0.12,0.01
669,-0.11,PastHelp_BSI,FutureVictim_Spyware,0.09,-0.02
600,-0.11,PastVictim_SocEng,CyberThreat_GERPreparedness,0.21,0.1
596,-0.11,PastVictim_Doxing,FutureInfo_Publication,0.09,-0.02
676,-0.11,PastHelp_CERTl,CyberThreat_GERPreparedness,0.21,0.1
594,-0.11,PastVictim_Doxing,FutureVictim_Phishing,0.21,0.1
539,-0.11,PastVictim_Spyware,FutureVictim_DDoS,0.33,0.22
540,-0.11,PastVictim_Spyware,FutureVictim_CyStalk,0.33,0.22
542,-0.11,PastVictim_Spyware,PastInfo_Fam,0.21,0.1
543,-0.11,PastVictim_Spyware,PastInfo_Publication,0.27,0.16
549,-0.11,PastVictim_Phishing,CyberThreat_Danger,0.23,0.12
553,-0.11,PastVictim_Phishing,Knows_CISPA,0.23,0.12
558,-0.11,PastVictim_Phishing,Knows_CERTv,0.28,0.17
564,-0.11,PastVictim_Phishing,PastVictim_CyBully,0.49,0.38
568,-0.11,PastVictim_Phishing,FutureVictim_DDoS,0.32,0.21
570,-0.11,PastVictim_Phishing,PastInfo_SecAgencySites,0.23,0.12
571,-0.11,PastVictim_Phishing,PastInfo_SecNewSites,0.23,0.12
579,-0.11,PastVictim_Doxing,Knows_CISPA,0.32,0.21
585,-0.11,PastVictim_Doxing,PastHelp_PublicMed,0.36,0.25
587,-0.11,PastVictim_Doxing,PastHelp_Self,0.13,0.02
592,-0.11,PastVictim_Doxing,FutureVictim_IDTheft,0.27,0.16
670,-0.11,PastHelp_BSI,FutureVictim_Doxing,0.14,0.03
680,-0.11,PastHelp_CERTl,Knows_Kastel,0.36,0.25
852,-0.11,PastHelp_Family,FutureVictim_PerfTheft,0.14,0.03
752,-0.11,PastHelp_PCShop,Knows_CERTl,0.17,0.06
764,-0.11,PastHelp_PCShop,Knows_PWDay,0.18,0.07
767,-0.11,PastHelp_PCShop,PastHelp_EmployerIT,0.42,0.31
769,-0.11,PastHelp_PCShop,PastHelp_Influencer,0.33,0.22
777,-0.11,PastHelp_PCShop,FutureVictim_IDTheft,0.15,0.04
782,-0.11,PastHelp_PublicMed,CyberThreat_KnownWebsites,0.09,-0.02
783,-0.11,PastHelp_PublicMed,CyberThreat_FearCyberWar,0.15,0.04
796,-0.11,PastHelp_PublicMed,FutureVictim_SocEng,0.18,0.07
799,-0.11,PastHelp_PrivateMed,Knows_BSI,0.26,0.15
805,-0.11,PastHelp_PrivateMed,Knows_DigDay,0.33,0.22
822,-0.11,PastHelp_IntExperts,CyberThreat_Danger,0.08,-0.03
823,-0.11,PastHelp_IntExperts,CyberThreat_KnownWebsites,0.08,-0.03
826,-0.11,PastHelp_IntExperts,Knows_CERTb,0.28,0.17
827,-0.11,PastHelp_IntExperts,Knows_CyberMonth,0.29,0.18
829,-0.11,PastHelp_IntExperts,Knows_DigDay,0.26,0.15
845,-0.11,PastHelp_IntExperts,FutureVictim_Spyware,0.1,-0.01
754,-0.11,PastHelp_PCShop,Knows_CAZ,0.18,0.07
748,0.11,PastHelp_EmployerIT,FutureInfo_School,0.17,0.28
682,-0.11,PastHelp_CERTl,Knows_PWDay,0.31,0.2
744,-0.11,PastHelp_EmployerIT,FutureVictim_IDTheft,0.2,0.09
683,-0.11,PastHelp_CERTl,Knows_CSECDay,0.33,0.22
687,-0.11,PastHelp_Police,CyberThreat_GERCounterAttack,0.02,-0.09
692,-0.11,PastHelp_Police,FutureVictim_CyBully,0.1,-0.01
693,-0.11,PastHelp_Police,FutureVictim_ShopScam,0.12,0.01
698,-0.11,PastHelp_Manuf,CyberThreat_Uninformed,0.07,-0.04
712,0.11,PastHelp_Provider,Degree,0.01,0.12
715,-0.11,PastHelp_Provider,FutureVictim_DDoS,0.19,0.08
720,-0.11,PastHelp_ConsOffice,CyberThreat_CyberWar,0.08,-0.03
721,-0.11,PastHelp_ConsOffice,Knows_Zitis,0.16,0.05
726,-0.11,PastHelp_ConsOffice,FutureVictim_Scareware,0.13,0.02
730,-0.11,PastHelp_EmployerIT,CyberThreat_Uninformed,0.04,-0.07
732,-0.11,PastHelp_EmployerIT,Knows_Europol,0.21,0.1
736,-0.11,PastHelp_EmployerIT,Knows_ACS,0.24,0.13
740,-0.11,PastHelp_EmployerIT,FutureVictim_DDoS,0.22,0.11
743,-0.11,PastHelp_EmployerIT,FutureVictim_CyStalk,0.2,0.09
1388,-0.11,Sum_Info_Width,PastInfo_Fam,0.63,0.52
